{
  "timelineObjects" : [ {
    "placeVisit" : {
      "location" : {
        "latitudeE7" : 356669531,
        "longitudeE7" : 1397492025,
        "placeId" : "ChIJAzqKoZOLGGARm8GYfYwJvlM",
        "address" : "日本\n〒105-6390 東京都港区虎ノ門１丁目２３\n１〜４",
        "name" : "Toranomon Hills Mori Tower",
        "sourceInfo" : {
          "deviceTag" : 157044958
        },
        "locationConfidence" : 81.32958
      },
      "duration" : {
        "startTimestampMs" : "1606783984391",
        "endTimestampMs" : "1606814684441"
      },
      "placeConfidence" : "MEDIUM_CONFIDENCE",
      "centerLatE7" : 356670118,
      "centerLngE7" : 1397492734,
      "visitConfidence" : 93,
      "otherCandidateLocations" : [ {
        "latitudeE7" : 356667671,
        "longitudeE7" : 1397495880,
        "placeId" : "ChIJdc0fopOLGGARm4DVQaWiPZ0",
        "locationConfidence" : 3.9847877
      }, {
        "latitudeE7" : 356665280,
        "longitudeE7" : 1397480240,
        "placeId" : "ChIJ4XHcxJOLGGAR-bxwb-ax1jg",
        "locationConfidence" : 0.22602789
      }, {
        "latitudeE7" : 356666298,
        "longitudeE7" : 1397478277,
        "placeId" : "ChIJdbyB2pOLGGARLo_kPanRB_U",
        "locationConfidence" : 0.19051643
      }, {
        "latitudeE7" : 356677828,
        "longitudeE7" : 1397501735,
        "placeId" : "ChIJDYCCAJOLGGARFfD44h6j2Qs",
        "locationConfidence" : 0.10136621
      } ],
      "editConfirmationStatus" : "NOT_CONFIRMED",
      "simplifiedRawPath" : {
        "points" : [ {
          "latE7" : 356670974,
          "lngE7" : 1397491154,
          "timestampMs" : "1606790163171",
          "accuracyMeters" : 15
        }, {
          "latE7" : 356668981,
          "lngE7" : 1397495852,
          "timestampMs" : "1606796293935",
          "accuracyMeters" : 16
        }, {
          "latE7" : 356666844,
          "lngE7" : 1397493709,
          "timestampMs" : "1606796428743",
          "accuracyMeters" : 15
        }, {
          "latE7" : 356669323,
          "lngE7" : 1397495516,
          "timestampMs" : "1606796527224",
          "accuracyMeters" : 11
        }, {
          "latE7" : 356670791,
          "lngE7" : 1397491651,
          "timestampMs" : "1606796653081",
          "accuracyMeters" : 14
        }, {
          "latE7" : 356666819,
          "lngE7" : 1397497670,
          "timestampMs" : "1606801833945",
          "accuracyMeters" : 26
        }, {
          "latE7" : 356669683,
          "lngE7" : 1397495358,
          "timestampMs" : "1606801961798",
          "accuracyMeters" : 34
        }, {
          "latE7" : 356670883,
          "lngE7" : 1397491184,
          "timestampMs" : "1606802095757",
          "accuracyMeters" : 20
        }, {
          "latE7" : 356672257,
          "lngE7" : 1397497157,
          "timestampMs" : "1606814538099",
          "accuracyMeters" : 100
        } ]
      }
    }
  }, {
    "activitySegment" : {
      "startLocation" : {
        "latitudeE7" : 356664721,
        "longitudeE7" : 1397499351,
        "sourceInfo" : {
          "deviceTag" : 157044958
        }
      },
      "endLocation" : {
        "latitudeE7" : 356666342,
        "longitudeE7" : 1397575316,
        "sourceInfo" : {
          "deviceTag" : 157044958
        }
      },
      "duration" : {
        "startTimestampMs" : "1606814684441",
        "endTimestampMs" : "1606815277723"
      },
      "distance" : 789,
      "activityType" : "WALKING",
      "confidence" : "HIGH",
      "activities" : [ {
        "activityType" : "WALKING",
        "probability" : 85.6069564819336
      }, {
        "activityType" : "IN_TRAIN",
        "probability" : 12.518639862537384
      }, {
        "activityType" : "IN_SUBWAY",
        "probability" : 0.5440579261630774
      }, {
        "activityType" : "STILL",
        "probability" : 0.34479647874832153
      }, {
        "activityType" : "CYCLING",
        "probability" : 0.24569961242377758
      }, {
        "activityType" : "IN_FERRY",
        "probability" : 0.2141032600775361
      }, {
        "activityType" : "IN_PASSENGER_VEHICLE",
        "probability" : 0.1866452395915985
      }, {
        "activityType" : "RUNNING",
        "probability" : 0.16847470542415977
      }, {
        "activityType" : "IN_BUS",
        "probability" : 0.10604467242956161
      }, {
        "activityType" : "IN_TRAM",
        "probability" : 0.03319545940030366
      }, {
        "activityType" : "FLYING",
        "probability" : 0.015499506844207644
      }, {
        "activityType" : "MOTORCYCLING",
        "probability" : 0.012431523646228015
      }, {
        "activityType" : "SAILING",
        "probability" : 0.0030491044526570477
      }, {
        "activityType" : "SKIING",
        "probability" : 3.904889126715716E-4
      }, {
        "activityType" : "IN_VEHICLE",
        "probability" : 9.431637693069206E-6
      } ],
      "waypointPath" : {
        "waypoints" : [ {
          "latE7" : 356665382,
          "lngE7" : 1397499694
        }, {
          "latE7" : 356661109,
          "lngE7" : 1397503509
        }, {
          "latE7" : 356657180,
          "lngE7" : 1397517852
        }, {
          "latE7" : 356651153,
          "lngE7" : 1397536468
        }, {
          "latE7" : 356654243,
          "lngE7" : 1397542877
        }, {
          "latE7" : 356651802,
          "lngE7" : 1397559051
        }, {
          "latE7" : 356667060,
          "lngE7" : 1397577514
        } ]
      },
      "simplifiedRawPath" : {
        "points" : [ {
          "latE7" : 356657562,
          "lngE7" : 1397516937,
          "timestampMs" : "1606814804491",
          "accuracyMeters" : 11
        }, {
          "latE7" : 356653900,
          "lngE7" : 1397542572,
          "timestampMs" : "1606815033944",
          "accuracyMeters" : 13
        } ]
      }
    }
  }, {
    "placeVisit" : {
      "location" : {
        "latitudeE7" : 356663790,
        "longitudeE7" : 1397583398,
        "placeId" : "ChIJ4RGu0emLGGARuUX8XtPxUVg",
        "address" : "日本\n〒105-0004 東京都港区新橋２丁目１７",
        "name" : "Shimbashi Station",
        "sourceInfo" : {
          "deviceTag" : 157044958
        },
        "locationConfidence" : 94.02031
      },
      "duration" : {
        "startTimestampMs" : "1606815277723",
        "endTimestampMs" : "1606815660098"
      },
      "placeConfidence" : "HIGH_CONFIDENCE",
      "centerLatE7" : 356662000,
      "centerLngE7" : 1397581467,
      "visitConfidence" : 87,
      "otherCandidateLocations" : [ {
        "latitudeE7" : 356677861,
        "longitudeE7" : 1397587972,
        "placeId" : "ChIJg0isbOmLGGARCL7daaygn7U",
        "locationConfidence" : 0.5887102
      }, {
        "latitudeE7" : 356663961,
        "longitudeE7" : 1397574445,
        "placeId" : "ChIJbUttKuqLGGARChlShY271pk",
        "locationConfidence" : 0.38988233
      }, {
        "latitudeE7" : 356658308,
        "longitudeE7" : 1397566194,
        "placeId" : "ChIJx8BEMeqLGGARvjR_k-OPAzo",
        "locationConfidence" : 0.15590018
      }, {
        "latitudeE7" : 356670779,
        "longitudeE7" : 1397576070,
        "placeId" : "ChIJ--QO2OuLGGARArLS5ggknfU",
        "locationConfidence" : 0.15099417
      } ],
      "editConfirmationStatus" : "NOT_CONFIRMED",
      "simplifiedRawPath" : {
        "points" : [ {
          "latE7" : 356666342,
          "lngE7" : 1397575316,
          "timestampMs" : "1606815277723",
          "accuracyMeters" : 66
        }, {
          "latE7" : 356659937,
          "lngE7" : 1397584754,
          "timestampMs" : "1606815405938",
          "accuracyMeters" : 36
        } ]
      }
    }
  }, {
    "activitySegment" : {
      "startLocation" : {
        "latitudeE7" : 356659867,
        "longitudeE7" : 1397584494,
        "sourceInfo" : {
          "deviceTag" : 157044958
        }
      },
      "endLocation" : {
        "latitudeE7" : 356813778,
        "longitudeE7" : 1394467602,
        "sourceInfo" : {
          "deviceTag" : 157044958
        }
      },
      "duration" : {
        "startTimestampMs" : "1606815660098",
        "endTimestampMs" : "1606820285590"
      },
      "distance" : 32116,
      "activityType" : "IN_TRAIN",
      "confidence" : "HIGH",
      "activities" : [ {
        "activityType" : "IN_TRAIN",
        "probability" : 95.64260840415955
      }, {
        "activityType" : "WALKING",
        "probability" : 2.4087555706501007
      }, {
        "activityType" : "STILL",
        "probability" : 0.7380628027021885
      }, {
        "activityType" : "IN_PASSENGER_VEHICLE",
        "probability" : 0.5781958345323801
      }, {
        "activityType" : "IN_BUS",
        "probability" : 0.2132499823346734
      }, {
        "activityType" : "CYCLING",
        "probability" : 0.20738288294523954
      }, {
        "activityType" : "IN_SUBWAY",
        "probability" : 0.1017098780721426
      }, {
        "activityType" : "IN_FERRY",
        "probability" : 0.030020417761988938
      }, {
        "activityType" : "MOTORCYCLING",
        "probability" : 0.028875062707811594
      }, {
        "activityType" : "FLYING",
        "probability" : 0.025855345302261412
      }, {
        "activityType" : "IN_TRAM",
        "probability" : 0.01259083510376513
      }, {
        "activityType" : "RUNNING",
        "probability" : 0.009380729898111895
      }, {
        "activityType" : "SAILING",
        "probability" : 0.0026925470592686906
      }, {
        "activityType" : "SKIING",
        "probability" : 5.888949090149254E-4
      }, {
        "activityType" : "IN_VEHICLE",
        "probability" : 2.5504201062176435E-5
      } ],
      "transitPath" : {
        "transitStops" : [ {
          "latitudeE7" : 356667642,
          "longitudeE7" : 1397587191,
          "placeId" : "ChIJ4RGu0emLGGARuUX8XtPxUVg",
          "name" : "Shimbashi Station"
        }, {
          "latitudeE7" : 356295120,
          "longitudeE7" : 1397398555,
          "placeId" : "ChIJdYcUblqKGGARcNsG90fDRZo",
          "name" : "Shinagawa Station"
        }, {
          "latitudeE7" : 356019243,
          "longitudeE7" : 1397217561,
          "placeId" : "ChIJWSX005qKGGARu7ItnBHJ5IQ",
          "name" : "Nishi-Ōi Station"
        }, {
          "latitudeE7" : 355746870,
          "longitudeE7" : 1396633829,
          "placeId" : "ChIJN-Zm33r1GGARfgsVOw3bzmc",
          "name" : "Musashi-Kosugi Sta."
        } ],
        "name" : "",
        "hexRgbColor" : "0071C5"
      },
      "simplifiedRawPath" : {
        "points" : [ {
          "latE7" : 356275525,
          "lngE7" : 1397402243,
          "timestampMs" : "1606816039772",
          "accuracyMeters" : 142
        }, {
          "latE7" : 355400504,
          "lngE7" : 1397069667,
          "timestampMs" : "1606816413185",
          "accuracyMeters" : 116
        }, {
          "latE7" : 355313101,
          "lngE7" : 1396968584,
          "timestampMs" : "1606816534234",
          "accuracyMeters" : 87
        }, {
          "latE7" : 355312225,
          "lngE7" : 1396843061,
          "timestampMs" : "1606816901632",
          "accuracyMeters" : 39
        } ]
      }
    }
  }, {
    "placeVisit" : {
      "location" : {
        "latitudeE7" : 356814731,
        "longitudeE7" : 1394465315,
        "placeId" : "ChIJfcuHB4rjGGARoo94CZCLSaU",
        "address" : "日本\n〒186-0003 東京都国立市富士見台１丁目",
        "name" : "Yaho Station",
        "semanticType" : "TYPE_HOME",
        "sourceInfo" : {
          "deviceTag" : 157044958
        },
        "locationConfidence" : 52.516098
      },
      "duration" : {
        "startTimestampMs" : "1606820285590",
        "endTimestampMs" : "1606863705853"
      },
      "placeConfidence" : "MEDIUM_CONFIDENCE",
      "centerLatE7" : 356802860,
      "centerLngE7" : 1394477523,
      "visitConfidence" : 89,
      "otherCandidateLocations" : [ {
        "latitudeE7" : 356802428,
        "longitudeE7" : 1394476701,
        "placeId" : "ChIJWX3fFXbkGGARaanwLjVZI0A",
        "semanticType" : "TYPE_SEARCHED_ADDRESS",
        "locationConfidence" : 17.217838
      }, {
        "latitudeE7" : 356804306,
        "longitudeE7" : 1394477223,
        "placeId" : "ChIJTY6AeTnlGGARyOo5URc3Cro",
        "locationConfidence" : 16.01313
      }, {
        "latitudeE7" : 356803474,
        "longitudeE7" : 1394477424,
        "placeId" : "ChIJmxZyFXbkGGAROBuKUZh-mxw",
        "semanticType" : "TYPE_SEARCHED_ADDRESS",
        "locationConfidence" : 8.242585
      }, {
        "latitudeE7" : 356804739,
        "longitudeE7" : 1394478119,
        "placeId" : "ChIJV8nZFHbkGGARplQN85fwPrU",
        "semanticType" : "TYPE_SEARCHED_ADDRESS",
        "locationConfidence" : 2.390512
      }, {
        "latitudeE7" : 356813700,
        "longitudeE7" : 1394467380,
        "placeId" : "ChIJbyzc-HXkGGAR_XvpOJontRo",
        "locationConfidence" : 1.8600146
      }, {
        "latitudeE7" : 356828944,
        "longitudeE7" : 1394478000,
        "placeId" : "ChIJswsmlHXkGGAR5YH9uJBxvLE",
        "locationConfidence" : 0.6723668
      } ],
      "editConfirmationStatus" : "NOT_CONFIRMED"
    }
  }, {
    "activitySegment" : {
      "startLocation" : {
        "latitudeE7" : 356802819,
        "longitudeE7" : 1394477654,
        "sourceInfo" : {
          "deviceTag" : 157044958
        }
      },
      "endLocation" : {
        "latitudeE7" : 356659117,
        "longitudeE7" : 1397580714,
        "sourceInfo" : {
          "deviceTag" : 157044958
        }
      },
      "duration" : {
        "startTimestampMs" : "1606863705853",
        "endTimestampMs" : "1606869474383"
      },
      "distance" : 31600,
      "activityType" : "IN_TRAIN",
      "confidence" : "HIGH",
      "activities" : [ {
        "activityType" : "IN_TRAIN",
        "probability" : 88.08299899101257
      }, {
        "activityType" : "WALKING",
        "probability" : 8.848071098327637
      }, {
        "activityType" : "IN_PASSENGER_VEHICLE",
        "probability" : 0.9382659569382668
      }, {
        "activityType" : "STILL",
        "probability" : 0.842794869095087
      }, {
        "activityType" : "CYCLING",
        "probability" : 0.674253236502409
      }, {
        "activityType" : "IN_SUBWAY",
        "probability" : 0.19954971503466368
      }, {
        "activityType" : "IN_BUS",
        "probability" : 0.1766504254192114
      }, {
        "activityType" : "IN_FERRY",
        "probability" : 0.06853779195807874
      }, {
        "activityType" : "RUNNING",
        "probability" : 0.0637487682979554
      }, {
        "activityType" : "MOTORCYCLING",
        "probability" : 0.04089539870619774
      }, {
        "activityType" : "IN_TRAM",
        "probability" : 0.03931754326913506
      }, {
        "activityType" : "FLYING",
        "probability" : 0.01907609694171697
      }, {
        "activityType" : "SAILING",
        "probability" : 0.005360591603675857
      }, {
        "activityType" : "SKIING",
        "probability" : 3.9158612707979046E-4
      }, {
        "activityType" : "IN_VEHICLE",
        "probability" : 9.13764836241171E-5
      } ],
      "transitPath" : {
        "transitStops" : [ {
          "latitudeE7" : 356812444,
          "longitudeE7" : 1394473400,
          "placeId" : "ChIJfcuHB4rjGGARoo94CZCLSaU",
          "name" : "Yaho Station"
        }, {
          "latitudeE7" : 356710944,
          "longitudeE7" : 1394573172,
          "placeId" : "ChIJj23gD4jkGGAR0CzRHH3Hh6c",
          "name" : "Nishifu Station"
        }, {
          "latitudeE7" : 356685583,
          "longitudeE7" : 1394694180,
          "placeId" : "ChIJQZxc7vLkGGARLfCgdcJ1dJI",
          "name" : "Bubaigawara Station"
        }, {
          "latitudeE7" : 356660520,
          "longitudeE7" : 1394771380,
          "placeId" : "ChIJrQXJ-OXkGGARysz0wHTQec8",
          "name" : "Fuchūhommachi Station"
        }, {
          "latitudeE7" : 356491930,
          "longitudeE7" : 1394894220,
          "placeId" : "ChIJ7eok5yrlGGARLiC7JQZ_6VE",
          "name" : "Minami-Tama Station"
        }, {
          "latitudeE7" : 356442710,
          "longitudeE7" : 1395027100,
          "placeId" : "ChIJ0ZJaqsj6GGARPOqOBFlbFc0",
          "name" : "Inaginaganuma Station"
        }, {
          "latitudeE7" : 356417520,
          "longitudeE7" : 1395203210,
          "placeId" : "ChIJvZ6-h5j6GGARbwMr5ibXwJo",
          "name" : "Yanokuchi Station"
        }, {
          "latitudeE7" : 356334030,
          "longitudeE7" : 1395359190,
          "placeId" : "ChIJGc9lZHzwGGARnykb9RVmecU",
          "name" : "Inadazutsumi Station"
        }, {
          "latitudeE7" : 356301280,
          "longitudeE7" : 1395501100,
          "placeId" : "ChIJCw7ebPPwGGARnc_pi4XrC7A",
          "name" : "Nakanoshima Station"
        }, {
          "latitudeE7" : 356207320,
          "longitudeE7" : 1395701140,
          "placeId" : "ChIJA3LpSifxGGARSo92jQA-BGM",
          "name" : "Noborito Station"
        }, {
          "latitudeE7" : 356155620,
          "longitudeE7" : 1395793380,
          "placeId" : "ChIJ3TlwAzLxGGARlzZkArUrUX8",
          "name" : "Shukugawara Station"
        }, {
          "latitudeE7" : 356105620,
          "longitudeE7" : 1395925530,
          "placeId" : "ChIJR7E_k7b2GGARSopRUzKjKhw",
          "name" : "Kuji Station"
        }, {
          "latitudeE7" : 356037970,
          "longitudeE7" : 1396005950,
          "placeId" : "ChIJI9oWOKP2GGARrXQAIloWqyE",
          "name" : "Tsudayama Station"
        }, {
          "latitudeE7" : 355991171,
          "longitudeE7" : 1396112147,
          "placeId" : "ChIJ4y5MEif0GGARwjQl1KOT4J4",
          "name" : "Musashi-Mizonokuchi Station"
        }, {
          "latitudeE7" : 355872170,
          "longitudeE7" : 1396297020,
          "placeId" : "ChIJL4UTKcj1GGARGYnBb30xmwo",
          "name" : "Musashi-Shinjō Station"
        }, {
          "latitudeE7" : 355810570,
          "longitudeE7" : 1396414660,
          "placeId" : "ChIJdazLmKL1GGARGJ1XG9IeZVY",
          "name" : "Musashi-Nakahara Station"
        }, {
          "latitudeE7" : 355767033,
          "longitudeE7" : 1396601345,
          "placeId" : "ChIJN-Zm33r1GGARfgsVOw3bzmc",
          "name" : "Musashi-Kosugi Sta."
        }, {
          "latitudeE7" : 355725400,
          "longitudeE7" : 1396672370,
          "placeId" : "ChIJ3wG32GH1GGARFGzchBtzzAo",
          "name" : "Mukaigawara Station"
        }, {
          "latitudeE7" : 355607060,
          "longitudeE7" : 1396710240,
          "placeId" : "ChIJ2__VrexfGGAR2ZNVdj-E4pc",
          "name" : "Hirama Station"
        }, {
          "latitudeE7" : 355515460,
          "longitudeE7" : 1396750260,
          "placeId" : "ChIJDcgdkMZfGGAR8aAXHOCZoag",
          "name" : "Kashimada Station"
        }, {
          "latitudeE7" : 355389310,
          "longitudeE7" : 1396806420,
          "placeId" : "ChIJSV38fDJeGGARwtanLf2CfdY",
          "name" : "Yakō Station"
        }, {
          "latitudeE7" : 355309340,
          "longitudeE7" : 1396842420,
          "placeId" : "ChIJw2bYTiReGGARhzWFTM5zd1w",
          "name" : "Shitte Station"
        }, {
          "latitudeE7" : 355315221,
          "longitudeE7" : 1396967756,
          "placeId" : "ChIJq3FUxZhgGGAR-_WCfU-yC6Q",
          "name" : "Kawasaki Station"
        } ],
        "name" : "",
        "hexRgbColor" : "F2C900"
      },
      "simplifiedRawPath" : {
        "points" : [ {
          "latE7" : 356802819,
          "lngE7" : 1394477654,
          "timestampMs" : "1606863705853",
          "accuracyMeters" : 16
        }, {
          "latE7" : 356814509,
          "lngE7" : 1394469525,
          "timestampMs" : "1606864282964",
          "accuracyMeters" : 48
        }, {
          "latE7" : 356695718,
          "lngE7" : 1394597883,
          "timestampMs" : "1606864535678",
          "accuracyMeters" : 500
        } ]
      }
    }
  }, {
    "activitySegment" : {
      "startLocation" : {
        "latitudeE7" : 356659117,
        "longitudeE7" : 1397580714,
        "sourceInfo" : {
          "deviceTag" : 157044958
        }
      },
      "endLocation" : {
        "latitudeE7" : 356665315,
        "longitudeE7" : 1397499372,
        "sourceInfo" : {
          "deviceTag" : 157044958
        }
      },
      "duration" : {
        "startTimestampMs" : "1606869474383",
        "endTimestampMs" : "1606870091524"
      },
      "distance" : 775,
      "activityType" : "WALKING",
      "confidence" : "HIGH",
      "activities" : [ {
        "activityType" : "WALKING",
        "probability" : 79.66307401657104
      }, {
        "activityType" : "IN_TRAIN",
        "probability" : 17.584744095802307
      }, {
        "activityType" : "STILL",
        "probability" : 1.6874369233846664
      }, {
        "activityType" : "IN_SUBWAY",
        "probability" : 0.38914713077247143
      }, {
        "activityType" : "IN_PASSENGER_VEHICLE",
        "probability" : 0.23052231408655643
      }, {
        "activityType" : "CYCLING",
        "probability" : 0.1294236397370696
      }, {
        "activityType" : "RUNNING",
        "probability" : 0.09642137447372079
      }, {
        "activityType" : "IN_FERRY",
        "probability" : 0.08329356787726283
      }, {
        "activityType" : "IN_BUS",
        "probability" : 0.07550662267021835
      }, {
        "activityType" : "IN_TRAM",
        "probability" : 0.03945329808630049
      }, {
        "activityType" : "FLYING",
        "probability" : 0.013571375166065991
      }, {
        "activityType" : "MOTORCYCLING",
        "probability" : 0.004770200030179694
      }, {
        "activityType" : "SAILING",
        "probability" : 0.0024763139663264155
      }, {
        "activityType" : "SKIING",
        "probability" : 1.3987742022436578E-4
      }, {
        "activityType" : "IN_VEHICLE",
        "probability" : 1.931834532342691E-5
      } ],
      "waypointPath" : {
        "waypoints" : [ {
          "latE7" : 356659049,
          "lngE7" : 1397579956
        }, {
          "latE7" : 356660118,
          "lngE7" : 1397571258
        }, {
          "latE7" : 356653900,
          "lngE7" : 1397552642
        }, {
          "latE7" : 356654663,
          "lngE7" : 1397550964
        }, {
          "latE7" : 356651763,
          "lngE7" : 1397534790
        }, {
          "latE7" : 356651802,
          "lngE7" : 1397534027
        }, {
          "latE7" : 356665458,
          "lngE7" : 1397499542
        } ]
      },
      "simplifiedRawPath" : {
        "points" : [ {
          "latE7" : 356653557,
          "lngE7" : 1397552490,
          "timestampMs" : "1606869720902",
          "accuracyMeters" : 20
        }, {
          "latE7" : 356653099,
          "lngE7" : 1397533722,
          "timestampMs" : "1606869843729",
          "accuracyMeters" : 32
        } ]
      }
    }
  }, {
    "placeVisit" : {
      "location" : {
        "latitudeE7" : 356669531,
        "longitudeE7" : 1397492025,
        "placeId" : "ChIJAzqKoZOLGGARm8GYfYwJvlM",
        "address" : "日本\n〒105-6390 東京都港区虎ノ門１丁目２３\n１〜４",
        "name" : "Toranomon Hills Mori Tower",
        "sourceInfo" : {
          "deviceTag" : 157044958
        },
        "locationConfidence" : 71.5004
      },
      "duration" : {
        "startTimestampMs" : "1606870091524",
        "endTimestampMs" : "1606900017315"
      },
      "placeConfidence" : "MEDIUM_CONFIDENCE",
      "centerLatE7" : 356670470,
      "centerLngE7" : 1397492410,
      "visitConfidence" : 95,
      "otherCandidateLocations" : [ {
        "latitudeE7" : 356667671,
        "longitudeE7" : 1397495880,
        "placeId" : "ChIJdc0fopOLGGARm4DVQaWiPZ0",
        "locationConfidence" : 3.743092
      }, {
        "latitudeE7" : 356666298,
        "longitudeE7" : 1397478277,
        "placeId" : "ChIJdbyB2pOLGGARLo_kPanRB_U",
        "locationConfidence" : 0.31619203
      }, {
        "latitudeE7" : 356665280,
        "longitudeE7" : 1397480240,
        "placeId" : "ChIJ4XHcxJOLGGAR-bxwb-ax1jg",
        "locationConfidence" : 0.2986764
      }, {
        "latitudeE7" : 356677828,
        "longitudeE7" : 1397501735,
        "placeId" : "ChIJDYCCAJOLGGARFfD44h6j2Qs",
        "locationConfidence" : 0.14097477
      } ],
      "editConfirmationStatus" : "NOT_CONFIRMED",
      "simplifiedRawPath" : {
        "points" : [ {
          "latE7" : 356670705,
          "lngE7" : 1397491502,
          "timestampMs" : "1606874991782",
          "accuracyMeters" : 20
        }, {
          "latE7" : 356671794,
          "lngE7" : 1397491359,
          "timestampMs" : "1606877460029",
          "accuracyMeters" : 17
        }, {
          "latE7" : 356671176,
          "lngE7" : 1397490786,
          "timestampMs" : "1606877715970",
          "accuracyMeters" : 13
        }, {
          "latE7" : 356672866,
          "lngE7" : 1397491267,
          "timestampMs" : "1606881677416",
          "accuracyMeters" : 19
        }, {
          "latE7" : 356670895,
          "lngE7" : 1397491108,
          "timestampMs" : "1606881933723",
          "accuracyMeters" : 20
        }, {
          "latE7" : 356669295,
          "lngE7" : 1397493335,
          "timestampMs" : "1606884412857",
          "accuracyMeters" : 16
        }, {
          "latE7" : 356670716,
          "lngE7" : 1397491528,
          "timestampMs" : "1606884551715",
          "accuracyMeters" : 14
        }, {
          "latE7" : 356673179,
          "lngE7" : 1397491179,
          "timestampMs" : "1606889092872",
          "accuracyMeters" : 20
        }, {
          "latE7" : 356670972,
          "lngE7" : 1397491165,
          "timestampMs" : "1606889218963",
          "accuracyMeters" : 15
        }, {
          "latE7" : 356672855,
          "lngE7" : 1397491301,
          "timestampMs" : "1606891904519",
          "accuracyMeters" : 19
        }, {
          "latE7" : 356670815,
          "lngE7" : 1397491455,
          "timestampMs" : "1606892039716",
          "accuracyMeters" : 15
        }, {
          "latE7" : 356669971,
          "lngE7" : 1397492210,
          "timestampMs" : "1606899738806",
          "accuracyMeters" : 19
        }, {
          "latE7" : 356669139,
          "lngE7" : 1397495894,
          "timestampMs" : "1606899828389",
          "accuracyMeters" : 14
        } ]
      }
    }
  }, {
    "activitySegment" : {
      "startLocation" : {
        "latitudeE7" : 356666564,
        "longitudeE7" : 1397497515,
        "sourceInfo" : {
          "deviceTag" : 157044958
        }
      },
      "endLocation" : {
        "latitudeE7" : 356915375,
        "longitudeE7" : 1397033642,
        "sourceInfo" : {
          "deviceTag" : 157044958
        }
      },
      "duration" : {
        "startTimestampMs" : "1606900017315",
        "endTimestampMs" : "1606901721759"
      },
      "distance" : 5081,
      "activityType" : "IN_SUBWAY",
      "confidence" : "LOW",
      "activities" : [ {
        "activityType" : "IN_SUBWAY",
        "probability" : 41.22767746448517
      }, {
        "activityType" : "IN_TRAIN",
        "probability" : 38.907092809677124
      }, {
        "activityType" : "WALKING",
        "probability" : 16.780053079128265
      }, {
        "activityType" : "STILL",
        "probability" : 2.0645443350076675
      }, {
        "activityType" : "IN_PASSENGER_VEHICLE",
        "probability" : 0.3746276721358299
      }, {
        "activityType" : "RUNNING",
        "probability" : 0.17306749941781163
      }, {
        "activityType" : "IN_BUS",
        "probability" : 0.11891623726114631
      }, {
        "activityType" : "CYCLING",
        "probability" : 0.11332875583320856
      }, {
        "activityType" : "FLYING",
        "probability" : 0.07530931034125388
      }, {
        "activityType" : "IN_FERRY",
        "probability" : 0.06822158466093242
      }, {
        "activityType" : "MOTORCYCLING",
        "probability" : 0.0482552160974592
      }, {
        "activityType" : "IN_TRAM",
        "probability" : 0.04698257253039628
      }, {
        "activityType" : "SAILING",
        "probability" : 0.0017934389688889496
      }, {
        "activityType" : "IN_VEHICLE",
        "probability" : 1.2006196357106091E-4
      }, {
        "activityType" : "SKIING",
        "probability" : 8.522619765471973E-6
      } ],
      "transitPath" : {
        "transitStops" : [ {
          "latitudeE7" : 356676480,
          "longitudeE7" : 1397478870,
          "placeId" : "ChIJ01HCL5KLGGAR8RIOsaIwRjU",
          "name" : "Toranomon Hills Station"
        }, {
          "latitudeE7" : 356741315,
          "longitudeE7" : 1397511668,
          "placeId" : "ChIJY1UVOo2LGGAR5yIdN1AWGNA",
          "name" : "Kasumigaseki Station"
        } ],
        "name" : "Hibiya Line",
        "hexRgbColor" : "A8A8A0"
      },
      "simplifiedRawPath" : {
        "points" : [ {
          "latE7" : 356666564,
          "lngE7" : 1397497515,
          "timestampMs" : "1606900017315",
          "accuracyMeters" : 19
        } ]
      }
    }
  }, {
    "activitySegment" : {
      "startLocation" : {
        "latitudeE7" : 356915375,
        "longitudeE7" : 1397033642,
        "sourceInfo" : {
          "deviceTag" : 157044958
        }
      },
      "endLocation" : {
        "latitudeE7" : 356921464,
        "longitudeE7" : 1397030120,
        "sourceInfo" : {
          "deviceTag" : 157044958
        }
      },
      "duration" : {
        "startTimestampMs" : "1606901721759",
        "endTimestampMs" : "1606902085416"
      },
      "distance" : 171,
      "activityType" : "WALKING",
      "confidence" : "LOW",
      "activities" : [ {
        "activityType" : "WALKING",
        "probability" : 55.70145845413208
      }, {
        "activityType" : "IN_TRAIN",
        "probability" : 18.580201268196106
      }, {
        "activityType" : "IN_SUBWAY",
        "probability" : 14.467287063598633
      }, {
        "activityType" : "STILL",
        "probability" : 10.2188840508461
      }, {
        "activityType" : "RUNNING",
        "probability" : 0.2542037982493639
      }, {
        "activityType" : "IN_PASSENGER_VEHICLE",
        "probability" : 0.24394069332629442
      }, {
        "activityType" : "IN_TRAM",
        "probability" : 0.11630220105871558
      }, {
        "activityType" : "IN_BUS",
        "probability" : 0.11434076586738229
      }, {
        "activityType" : "CYCLING",
        "probability" : 0.11138826375827193
      }, {
        "activityType" : "IN_FERRY",
        "probability" : 0.10275138774886727
      }, {
        "activityType" : "FLYING",
        "probability" : 0.06389538175426424
      }, {
        "activityType" : "MOTORCYCLING",
        "probability" : 0.021618837490677834
      }, {
        "activityType" : "SAILING",
        "probability" : 0.003247812855988741
      }, {
        "activityType" : "IN_VEHICLE",
        "probability" : 4.433151389093837E-4
      }, {
        "activityType" : "SKIING",
        "probability" : 3.271104560553795E-5
      } ],
      "waypointPath" : {
        "waypoints" : [ {
          "latE7" : 356915512,
          "lngE7" : 1397033538
        }, {
          "latE7" : 356919250,
          "lngE7" : 1397026214
        }, {
          "latE7" : 356922416,
          "lngE7" : 1397027893
        } ]
      }
    }
  }, {
    "placeVisit" : {
      "location" : {
        "latitudeE7" : 356922491,
        "longitudeE7" : 1397029841,
        "placeId" : "ChIJXTJIz5JgGGARoxgg12s0rCQ",
        "address" : "日本\n〒160-0022 東京都新宿区新宿３丁目１７−７",
        "name" : "Kinokuniya Shinjuku Main Store",
        "sourceInfo" : {
          "deviceTag" : 157044958
        },
        "locationConfidence" : 66.458496
      },
      "duration" : {
        "startTimestampMs" : "1606902085416",
        "endTimestampMs" : "1606904644045"
      },
      "placeConfidence" : "MEDIUM_CONFIDENCE",
      "centerLatE7" : 356924300,
      "centerLngE7" : 1397029670,
      "visitConfidence" : 86,
      "otherCandidateLocations" : [ {
        "latitudeE7" : 356918382,
        "longitudeE7" : 1397028543,
        "placeId" : "ChIJ83-XPtqMGGARPkt6AIOWJT8",
        "locationConfidence" : 28.857222
      }, {
        "latitudeE7" : 356933991,
        "longitudeE7" : 1397020940,
        "placeId" : "ChIJ05576NmMGGARlCnERJue3Y4",
        "locationConfidence" : 1.9324772
      }, {
        "latitudeE7" : 356928010,
        "longitudeE7" : 1397032600,
        "placeId" : "ChIJH2PYJ9qMGGARhW0xVMFS3Ho",
        "locationConfidence" : 1.2444106
      }, {
        "latitudeE7" : 356919952,
        "longitudeE7" : 1397044836,
        "placeId" : "ChIJ9ztrpduMGGARte1BM8ccdIs",
        "locationConfidence" : 0.36596075
      } ],
      "editConfirmationStatus" : "NOT_CONFIRMED"
    }
  }, {
    "activitySegment" : {
      "startLocation" : {
        "latitudeE7" : 356935758,
        "longitudeE7" : 1397015914,
        "sourceInfo" : {
          "deviceTag" : 157044958
        }
      },
      "endLocation" : {
        "latitudeE7" : 356963602,
        "longitudeE7" : 1397001983,
        "sourceInfo" : {
          "deviceTag" : 157044958
        }
      },
      "duration" : {
        "startTimestampMs" : "1606904644045",
        "endTimestampMs" : "1606904905000"
      },
      "distance" : 371,
      "activityType" : "WALKING",
      "confidence" : "HIGH",
      "activities" : [ {
        "activityType" : "WALKING",
        "probability" : 96.75601720809937
      }, {
        "activityType" : "IN_TRAIN",
        "probability" : 1.2847036123275757
      }, {
        "activityType" : "STILL",
        "probability" : 0.725333858281374
      }, {
        "activityType" : "IN_PASSENGER_VEHICLE",
        "probability" : 0.48270178958773613
      }, {
        "activityType" : "CYCLING",
        "probability" : 0.18894551321864128
      }, {
        "activityType" : "IN_BUS",
        "probability" : 0.17705006757751107
      }, {
        "activityType" : "RUNNING",
        "probability" : 0.12548852246254683
      }, {
        "activityType" : "IN_SUBWAY",
        "probability" : 0.11446075513958931
      }, {
        "activityType" : "IN_FERRY",
        "probability" : 0.05993095110170543
      }, {
        "activityType" : "MOTORCYCLING",
        "probability" : 0.036920298589393497
      }, {
        "activityType" : "FLYING",
        "probability" : 0.030459737172350287
      }, {
        "activityType" : "IN_TRAM",
        "probability" : 0.011556663957890123
      }, {
        "activityType" : "SAILING",
        "probability" : 0.0034489141398807988
      }, {
        "activityType" : "SKIING",
        "probability" : 0.0029671860829694197
      }, {
        "activityType" : "IN_VEHICLE",
        "probability" : 1.2100552737592807E-5
      } ],
      "waypointPath" : {
        "waypoints" : [ {
          "latE7" : 356936187,
          "lngE7" : 1397015228
        }, {
          "latE7" : 356938438,
          "lngE7" : 1397007598
        }, {
          "latE7" : 356968307,
          "lngE7" : 1397003479
        } ]
      }
    }
  }, {
    "placeVisit" : {
      "location" : {
        "latitudeE7" : 356969205,
        "longitudeE7" : 1397004109,
        "placeId" : "ChIJ-VAVGiiNGGARBVCicGsjN8Q",
        "address" : "日本\n〒160-0021 東京都新宿区歌舞伎町２丁目４５−６",
        "name" : "Sungari Shinjuku Higashiguchi",
        "sourceInfo" : {
          "deviceTag" : 157044958
        },
        "locationConfidence" : 98.21234
      },
      "duration" : {
        "startTimestampMs" : "1606904905000",
        "endTimestampMs" : "1606912658928"
      },
      "placeConfidence" : "HIGH_CONFIDENCE",
      "centerLatE7" : 356968269,
      "centerLngE7" : 1397004449,
      "visitConfidence" : 92,
      "otherCandidateLocations" : [ {
        "latitudeE7" : 356968945,
        "longitudeE7" : 1397004663,
        "placeId" : "ChIJ-VAVGiiNGGARZDFPc2hE0TQ",
        "locationConfidence" : 0.4544282
      }, {
        "latitudeE7" : 356953641,
        "longitudeE7" : 1397000322,
        "placeId" : "ChIJ4a8_ICiNGGARWqTFA964zRM",
        "locationConfidence" : 0.15029848
      }, {
        "latitudeE7" : 356969008,
        "longitudeE7" : 1397004663,
        "placeId" : "ChIJ-VAVGiiNGGARX8sVO7QMUmg",
        "locationConfidence" : 0.10608735
      }, {
        "latitudeE7" : 356968810,
        "longitudeE7" : 1397002209,
        "placeId" : "ChIJCwGpFSiNGGARRyXJWFUQkyE",
        "locationConfidence" : 0.059667796
      } ],
      "editConfirmationStatus" : "NOT_CONFIRMED"
    }
  }, {
    "activitySegment" : {
      "startLocation" : {
        "latitudeE7" : 356963205,
        "longitudeE7" : 1397003078,
        "sourceInfo" : {
          "deviceTag" : 157044958
        }
      },
      "endLocation" : {
        "latitudeE7" : 356931598,
        "longitudeE7" : 1396992742,
        "sourceInfo" : {
          "deviceTag" : 157044958
        }
      },
      "duration" : {
        "startTimestampMs" : "1606912658928",
        "endTimestampMs" : "1606913801083"
      },
      "distance" : 798,
      "activityType" : "WALKING",
      "confidence" : "MEDIUM",
      "activities" : [ {
        "activityType" : "WALKING",
        "probability" : 76.41019225120544
      }, {
        "activityType" : "IN_TRAIN",
        "probability" : 11.128630489110947
      }, {
        "activityType" : "STILL",
        "probability" : 11.088567972183228
      }, {
        "activityType" : "IN_SUBWAY",
        "probability" : 0.6443487945944071
      }, {
        "activityType" : "IN_PASSENGER_VEHICLE",
        "probability" : 0.2833723556250334
      }, {
        "activityType" : "IN_FERRY",
        "probability" : 0.10093521559610963
      }, {
        "activityType" : "RUNNING",
        "probability" : 0.09560440084896982
      }, {
        "activityType" : "IN_BUS",
        "probability" : 0.08393818279728293
      }, {
        "activityType" : "CYCLING",
        "probability" : 0.07112574530765414
      }, {
        "activityType" : "FLYING",
        "probability" : 0.056158273946493864
      }, {
        "activityType" : "IN_TRAM",
        "probability" : 0.017612463852856308
      }, {
        "activityType" : "MOTORCYCLING",
        "probability" : 0.01301990996580571
      }, {
        "activityType" : "SAILING",
        "probability" : 0.006299905362538993
      }, {
        "activityType" : "SKIING",
        "probability" : 1.6739871853133081E-4
      }, {
        "activityType" : "IN_VEHICLE",
        "probability" : 2.6707596134656342E-5
      } ],
      "waypointPath" : {
        "waypoints" : [ {
          "latE7" : 356963157,
          "lngE7" : 1397002563
        }, {
          "latE7" : 356945610,
          "lngE7" : 1397013244
        }, {
          "latE7" : 356937179,
          "lngE7" : 1397013549
        }, {
          "latE7" : 356938438,
          "lngE7" : 1397007598
        }, {
          "latE7" : 356931648,
          "lngE7" : 1396993255
        } ]
      },
      "simplifiedRawPath" : {
        "points" : [ {
          "latE7" : 356935501,
          "lngE7" : 1397012939,
          "timestampMs" : "1606913038658",
          "accuracyMeters" : 16
        } ]
      }
    }
  }, {
    "activitySegment" : {
      "startLocation" : {
        "latitudeE7" : 356931598,
        "longitudeE7" : 1396992742,
        "sourceInfo" : {
          "deviceTag" : 157044958
        }
      },
      "endLocation" : {
        "latitudeE7" : 356802939,
        "longitudeE7" : 1394477766,
        "sourceInfo" : {
          "deviceTag" : 157044958
        }
      },
      "duration" : {
        "startTimestampMs" : "1606913801083",
        "endTimestampMs" : "1606917081769"
      },
      "distance" : 24293,
      "activityType" : "IN_TRAIN",
      "confidence" : "HIGH",
      "activities" : [ {
        "activityType" : "IN_TRAIN",
        "probability" : 87.8980815410614
      }, {
        "activityType" : "WALKING",
        "probability" : 6.6789016127586365
      }, {
        "activityType" : "STILL",
        "probability" : 1.526437420397997
      }, {
        "activityType" : "IN_PASSENGER_VEHICLE",
        "probability" : 1.2491650879383087
      }, {
        "activityType" : "IN_SUBWAY",
        "probability" : 0.9911156259477139
      }, {
        "activityType" : "IN_BUS",
        "probability" : 0.6980744656175375
      }, {
        "activityType" : "CYCLING",
        "probability" : 0.6002126727253199
      }, {
        "activityType" : "IN_TRAM",
        "probability" : 0.10746720945462584
      }, {
        "activityType" : "MOTORCYCLING",
        "probability" : 0.08177308482117951
      }, {
        "activityType" : "IN_FERRY",
        "probability" : 0.07178026135079563
      }, {
        "activityType" : "FLYING",
        "probability" : 0.051107583567500114
      }, {
        "activityType" : "RUNNING",
        "probability" : 0.040306022856384516
      }, {
        "activityType" : "SAILING",
        "probability" : 0.004596908183884807
      }, {
        "activityType" : "SKIING",
        "probability" : 7.805389032000676E-4
      }, {
        "activityType" : "IN_VEHICLE",
        "probability" : 2.1469597868417623E-4
      } ],
      "transitPath" : {
        "transitStops" : [ {
          "latitudeE7" : 356900540,
          "longitudeE7" : 1397003313,
          "placeId" : "ChIJH7qx1tCMGGAR1f2s7PGhMhw",
          "name" : "Shinjuku Station"
        }, {
          "latitudeE7" : 357059225,
          "longitudeE7" : 1396654479,
          "placeId" : "ChIJcTUvs5byGGARTgc0rPIEgVY",
          "name" : "Nakano Station"
        }, {
          "latitudeE7" : 357045395,
          "longitudeE7" : 1396200774,
          "placeId" : "ChIJA5HvWfftGGARI90yjmcpkFA",
          "name" : "Ogikubo Station"
        }, {
          "latitudeE7" : 357031632,
          "longitudeE7" : 1395798398,
          "placeId" : "ChIJw2wi9kfuGGARTirViZm25jQ",
          "name" : "Kichijōji Station"
        }, {
          "latitudeE7" : 357027101,
          "longitudeE7" : 1395612409,
          "placeId" : "ChIJQ6xBTbDvGGARWjMM50vhcgE",
          "name" : "MITAKA STATION"
        }, {
          "latitudeE7" : 357000520,
          "longitudeE7" : 1394802550,
          "placeId" : "ChIJt8vyNzbkGGAR2RRBzn3BBNc",
          "name" : "Kokubunji Station"
        }, {
          "latitudeE7" : 356978112,
          "longitudeE7" : 1394138250,
          "placeId" : "ChIJybXK-3rhGGARmUgQKV-MO5c",
          "name" : "Tachikawa Station"
        } ],
        "name" : "",
        "hexRgbColor" : "F25210"
      },
      "simplifiedRawPath" : {
        "points" : [ {
          "latE7" : 356936279,
          "lngE7" : 1396994577,
          "timestampMs" : "1606913801713",
          "accuracyMeters" : 163
        }, {
          "latE7" : 357024134,
          "lngE7" : 1395458066,
          "timestampMs" : "1606915297811",
          "accuracyMeters" : 21
        }, {
          "latE7" : 356880905,
          "lngE7" : 1394268424,
          "timestampMs" : "1606916460127",
          "accuracyMeters" : 45
        } ]
      }
    }
  }, {
    "placeVisit" : {
      "location" : {
        "latitudeE7" : 356814731,
        "longitudeE7" : 1394465315,
        "placeId" : "ChIJfcuHB4rjGGARoo94CZCLSaU",
        "address" : "日本\n〒186-0003 東京都国立市富士見台１丁目",
        "name" : "Yaho Station",
        "semanticType" : "TYPE_HOME",
        "sourceInfo" : {
          "deviceTag" : 157044958
        },
        "locationConfidence" : 43.062668
      },
      "duration" : {
        "startTimestampMs" : "1606917081769",
        "endTimestampMs" : "1606968270493"
      },
      "placeConfidence" : "MEDIUM_CONFIDENCE",
      "centerLatE7" : 356802487,
      "centerLngE7" : 1394477627,
      "visitConfidence" : 92,
      "otherCandidateLocations" : [ {
        "latitudeE7" : 356802428,
        "longitudeE7" : 1394476701,
        "placeId" : "ChIJWX3fFXbkGGARaanwLjVZI0A",
        "semanticType" : "TYPE_SEARCHED_ADDRESS",
        "locationConfidence" : 22.700478
      }, {
        "latitudeE7" : 356804306,
        "longitudeE7" : 1394477223,
        "placeId" : "ChIJTY6AeTnlGGARyOo5URc3Cro",
        "locationConfidence" : 14.875054
      }, {
        "latitudeE7" : 356803474,
        "longitudeE7" : 1394477424,
        "placeId" : "ChIJmxZyFXbkGGAROBuKUZh-mxw",
        "semanticType" : "TYPE_SEARCHED_ADDRESS",
        "locationConfidence" : 12.541878
      }, {
        "latitudeE7" : 356804739,
        "longitudeE7" : 1394478119,
        "placeId" : "ChIJV8nZFHbkGGARplQN85fwPrU",
        "semanticType" : "TYPE_SEARCHED_ADDRESS",
        "locationConfidence" : 3.015571
      }, {
        "latitudeE7" : 356813700,
        "longitudeE7" : 1394467380,
        "placeId" : "ChIJbyzc-HXkGGAR_XvpOJontRo",
        "locationConfidence" : 0.9622532
      }, {
        "latitudeE7" : 356828944,
        "longitudeE7" : 1394478000,
        "placeId" : "ChIJswsmlHXkGGAR5YH9uJBxvLE",
        "locationConfidence" : 0.78106844
      } ],
      "editConfirmationStatus" : "NOT_CONFIRMED"
    }
  }, {
    "activitySegment" : {
      "startLocation" : {
        "latitudeE7" : 356805067,
        "longitudeE7" : 1394478275,
        "sourceInfo" : {
          "deviceTag" : 157044958
        }
      },
      "endLocation" : {
        "latitudeE7" : 356980143,
        "longitudeE7" : 1394134870,
        "sourceInfo" : {
          "deviceTag" : 157044958
        }
      },
      "duration" : {
        "startTimestampMs" : "1606968270493",
        "endTimestampMs" : "1606969187788"
      },
      "distance" : 3750,
      "activityType" : "IN_TRAIN",
      "confidence" : "HIGH",
      "activities" : [ {
        "activityType" : "IN_TRAIN",
        "probability" : 78.7111759185791
      }, {
        "activityType" : "WALKING",
        "probability" : 14.084751904010773
      }, {
        "activityType" : "CYCLING",
        "probability" : 2.4793505668640137
      }, {
        "activityType" : "IN_PASSENGER_VEHICLE",
        "probability" : 2.275707572698593
      }, {
        "activityType" : "STILL",
        "probability" : 1.2590416707098484
      }, {
        "activityType" : "IN_SUBWAY",
        "probability" : 0.41599455289542675
      }, {
        "activityType" : "IN_BUS",
        "probability" : 0.24679393973201513
      }, {
        "activityType" : "RUNNING",
        "probability" : 0.17749681137502193
      }, {
        "activityType" : "MOTORCYCLING",
        "probability" : 0.13147210702300072
      }, {
        "activityType" : "IN_TRAM",
        "probability" : 0.10073442244902253
      }, {
        "activityType" : "IN_FERRY",
        "probability" : 0.08559578564018011
      }, {
        "activityType" : "FLYING",
        "probability" : 0.020077968656551093
      }, {
        "activityType" : "SAILING",
        "probability" : 0.010626396397128701
      }, {
        "activityType" : "SKIING",
        "probability" : 9.91019442153629E-4
      }, {
        "activityType" : "IN_VEHICLE",
        "probability" : 1.87140858542989E-4
      } ],
      "transitPath" : {
        "transitStops" : [ {
          "latitudeE7" : 356811577,
          "longitudeE7" : 1394472968,
          "placeId" : "ChIJfcuHB4rjGGARoo94CZCLSaU",
          "name" : "Yaho Station"
        }, {
          "latitudeE7" : 356850888,
          "longitudeE7" : 1394313608,
          "placeId" : "ChIJ6bD4uu7jGGARN444QO0B00w",
          "name" : "Yagawa Station"
        }, {
          "latitudeE7" : 356939757,
          "longitudeE7" : 1394238451,
          "placeId" : "ChIJF9YCo9_jGGARWW9-hrx8Eqw",
          "name" : "Nishi-Kunitachi Station"
        }, {
          "latitudeE7" : 356979700,
          "longitudeE7" : 1394137140,
          "placeId" : "ChIJybXK-3rhGGARmUgQKV-MO5c",
          "name" : "Tachikawa Station"
        } ],
        "name" : "",
        "hexRgbColor" : "F2C900"
      },
      "simplifiedRawPath" : {
        "points" : [ {
          "latE7" : 356805067,
          "lngE7" : 1394478275,
          "timestampMs" : "1606968270493",
          "accuracyMeters" : 14
        }, {
          "latE7" : 356812633,
          "lngE7" : 1394470816,
          "timestampMs" : "1606968573100",
          "accuracyMeters" : 22
        }, {
          "latE7" : 356852601,
          "lngE7" : 1394310175,
          "timestampMs" : "1606968821727",
          "accuracyMeters" : 24
        } ]
      }
    }
  }, {
    "placeVisit" : {
      "location" : {
        "latitudeE7" : 356979144,
        "longitudeE7" : 1394137408,
        "placeId" : "ChIJybXK-3rhGGARmUgQKV-MO5c",
        "address" : "日本\n〒190-0012 東京都立川市曙町２丁目１",
        "name" : "Tachikawa Station",
        "sourceInfo" : {
          "deviceTag" : 157044958
        },
        "locationConfidence" : 74.477
      },
      "duration" : {
        "startTimestampMs" : "1606969187788",
        "endTimestampMs" : "1606970187978"
      },
      "placeConfidence" : "MEDIUM_CONFIDENCE",
      "centerLatE7" : 356979867,
      "centerLngE7" : 1394133650,
      "visitConfidence" : 73,
      "otherCandidateLocations" : [ {
        "latitudeE7" : 356984488,
        "longitudeE7" : 1394137607,
        "placeId" : "ChIJ1XPc9HrhGGARUajXxvp4Al4",
        "locationConfidence" : 1.3017175
      }, {
        "latitudeE7" : 356978797,
        "longitudeE7" : 1394136159,
        "placeId" : "ChIJtYMiWHrhGGAR0Uadbau036c",
        "locationConfidence" : 1.2566726
      }, {
        "latitudeE7" : 356972684,
        "longitudeE7" : 1394147374,
        "placeId" : "ChIJvbK4HHvhGGARZQ78gtTybqI",
        "locationConfidence" : 0.4090112
      }, {
        "latitudeE7" : 356984644,
        "longitudeE7" : 1394120946,
        "placeId" : "ChIJUyCqtKLhGGARCuiIDzdRnMA",
        "locationConfidence" : 0.32515407
      } ],
      "editConfirmationStatus" : "NOT_CONFIRMED"
    }
  }, {
    "activitySegment" : {
      "startLocation" : {
        "latitudeE7" : 356979144,
        "longitudeE7" : 1394134646,
        "sourceInfo" : {
          "deviceTag" : 157044958
        }
      },
      "endLocation" : {
        "latitudeE7" : 356672196,
        "longitudeE7" : 1397492407,
        "sourceInfo" : {
          "deviceTag" : 157044958
        }
      },
      "duration" : {
        "startTimestampMs" : "1606970187978",
        "endTimestampMs" : "1606974318739"
      },
      "distance" : 32069,
      "activityType" : "IN_TRAIN",
      "confidence" : "HIGH",
      "activities" : [ {
        "activityType" : "IN_TRAIN",
        "probability" : 95.41553854942322
      }, {
        "activityType" : "WALKING",
        "probability" : 1.7310680821537971
      }, {
        "activityType" : "IN_SUBWAY",
        "probability" : 1.6373150050640106
      }, {
        "activityType" : "STILL",
        "probability" : 0.6331793498247862
      }, {
        "activityType" : "IN_PASSENGER_VEHICLE",
        "probability" : 0.21851127967238426
      }, {
        "activityType" : "CYCLING",
        "probability" : 0.16960729844868183
      }, {
        "activityType" : "IN_BUS",
        "probability" : 0.1388958771713078
      }, {
        "activityType" : "MOTORCYCLING",
        "probability" : 0.018231412104796618
      }, {
        "activityType" : "IN_TRAM",
        "probability" : 0.013795107952319086
      }, {
        "activityType" : "FLYING",
        "probability" : 0.008179416909115389
      }, {
        "activityType" : "RUNNING",
        "probability" : 0.008095493831206113
      }, {
        "activityType" : "IN_FERRY",
        "probability" : 0.007001362973824143
      }, {
        "activityType" : "SAILING",
        "probability" : 4.4382441046764143E-4
      }, {
        "activityType" : "SKIING",
        "probability" : 1.1109390243291273E-4
      }, {
        "activityType" : "IN_VEHICLE",
        "probability" : 3.7162016042202595E-5
      } ],
      "simplifiedRawPath" : {
        "points" : [ {
          "latE7" : 357004549,
          "lngE7" : 1394800961,
          "timestampMs" : "1606970680421",
          "accuracyMeters" : 30
        }, {
          "latE7" : 357027500,
          "lngE7" : 1395564966,
          "timestampMs" : "1606971499866",
          "accuracyMeters" : 26
        }, {
          "latE7" : 356906174,
          "lngE7" : 1397005525,
          "timestampMs" : "1606972833000",
          "accuracyMeters" : 50
        }, {
          "latE7" : 356898601,
          "lngE7" : 1397007233,
          "timestampMs" : "1606972880000",
          "accuracyMeters" : 55
        }, {
          "latE7" : 356848707,
          "lngE7" : 1397300838,
          "timestampMs" : "1606973265709",
          "accuracyMeters" : 20
        }, {
          "latE7" : 356744706,
          "lngE7" : 1397453741,
          "timestampMs" : "1606973801356",
          "accuracyMeters" : 42
        }, {
          "latE7" : 356747585,
          "lngE7" : 1397518755,
          "timestampMs" : "1606973925711",
          "accuracyMeters" : 20
        }, {
          "latE7" : 356746302,
          "lngE7" : 1397515255,
          "timestampMs" : "1606974059320",
          "accuracyMeters" : 150
        } ]
      }
    }
  }, {
    "placeVisit" : {
      "location" : {
        "latitudeE7" : 356669531,
        "longitudeE7" : 1397492025,
        "placeId" : "ChIJAzqKoZOLGGARm8GYfYwJvlM",
        "address" : "日本\n〒105-6390 東京都港区虎ノ門１丁目２３\n１〜４",
        "name" : "Toranomon Hills Mori Tower",
        "sourceInfo" : {
          "deviceTag" : 157044958
        },
        "locationConfidence" : 74.4427
      },
      "duration" : {
        "startTimestampMs" : "1606974318739",
        "endTimestampMs" : "1606987508086"
      },
      "placeConfidence" : "MEDIUM_CONFIDENCE",
      "centerLatE7" : 356670732,
      "centerLngE7" : 1397491826,
      "visitConfidence" : 91,
      "otherCandidateLocations" : [ {
        "latitudeE7" : 356667671,
        "longitudeE7" : 1397495880,
        "placeId" : "ChIJdc0fopOLGGARm4DVQaWiPZ0",
        "locationConfidence" : 8.415906
      }, {
        "latitudeE7" : 356677126,
        "longitudeE7" : 1397479069,
        "placeId" : "ChIJ01HCL5KLGGAR8RIOsaIwRjU",
        "locationConfidence" : 0.31160098
      }, {
        "latitudeE7" : 356665280,
        "longitudeE7" : 1397480240,
        "placeId" : "ChIJ4XHcxJOLGGAR-bxwb-ax1jg",
        "locationConfidence" : 0.15979646
      }, {
        "latitudeE7" : 356677828,
        "longitudeE7" : 1397501735,
        "placeId" : "ChIJDYCCAJOLGGARFfD44h6j2Qs",
        "locationConfidence" : 0.1428352
      } ],
      "editConfirmationStatus" : "NOT_CONFIRMED",
      "simplifiedRawPath" : {
        "points" : [ {
          "latE7" : 356666248,
          "lngE7" : 1397493348,
          "timestampMs" : "1606974464310",
          "accuracyMeters" : 19
        }, {
          "latE7" : 356669217,
          "lngE7" : 1397495832,
          "timestampMs" : "1606974736734",
          "accuracyMeters" : 14
        }, {
          "latE7" : 356670979,
          "lngE7" : 1397491201,
          "timestampMs" : "1606974856761",
          "accuracyMeters" : 15
        }, {
          "latE7" : 356673150,
          "lngE7" : 1397491214,
          "timestampMs" : "1606975346758",
          "accuracyMeters" : 16
        }, {
          "latE7" : 356670998,
          "lngE7" : 1397491208,
          "timestampMs" : "1606976616083",
          "accuracyMeters" : 15
        } ]
      }
    }
  }, {
    "activitySegment" : {
      "startLocation" : {
        "latitudeE7" : 356670960,
        "longitudeE7" : 1397491276,
        "sourceInfo" : {
          "deviceTag" : 157044958
        }
      },
      "endLocation" : {
        "latitudeE7" : 356813389,
        "longitudeE7" : 1394468137,
        "sourceInfo" : {
          "deviceTag" : 157044958
        }
      },
      "duration" : {
        "startTimestampMs" : "1606987508086",
        "endTimestampMs" : "1606990590729"
      },
      "distance" : 28959,
      "activityType" : "IN_TRAIN",
      "confidence" : "HIGH",
      "activities" : [ {
        "activityType" : "IN_TRAIN",
        "probability" : 88.72482776641846
      }, {
        "activityType" : "WALKING",
        "probability" : 3.3564504235982895
      }, {
        "activityType" : "IN_PASSENGER_VEHICLE",
        "probability" : 2.7029454708099365
      }, {
        "activityType" : "CYCLING",
        "probability" : 1.989210955798626
      }, {
        "activityType" : "IN_SUBWAY",
        "probability" : 1.3890706934034824
      }, {
        "activityType" : "IN_BUS",
        "probability" : 0.8029761724174023
      }, {
        "activityType" : "MOTORCYCLING",
        "probability" : 0.36048702895641327
      }, {
        "activityType" : "STILL",
        "probability" : 0.3323617158457637
      }, {
        "activityType" : "IN_FERRY",
        "probability" : 0.11113357031717896
      }, {
        "activityType" : "IN_TRAM",
        "probability" : 0.09810711489990354
      }, {
        "activityType" : "RUNNING",
        "probability" : 0.08094205986708403
      }, {
        "activityType" : "FLYING",
        "probability" : 0.04421672492753714
      }, {
        "activityType" : "SAILING",
        "probability" : 0.005989692363073118
      }, {
        "activityType" : "SKIING",
        "probability" : 0.0011783587979152799
      }, {
        "activityType" : "IN_VEHICLE",
        "probability" : 1.1087909115303773E-4
      } ],
      "simplifiedRawPath" : {
        "points" : [ {
          "latE7" : 356394899,
          "lngE7" : 1395239469,
          "timestampMs" : "1606989588781",
          "accuracyMeters" : 68
        }, {
          "latE7" : 356664957,
          "lngE7" : 1394766645,
          "timestampMs" : "1606990220704",
          "accuracyMeters" : 48
        } ]
      }
    }
  }, {
    "placeVisit" : {
      "location" : {
        "latitudeE7" : 356815222,
        "longitudeE7" : 1394469607,
        "placeId" : "ChIJja7P-3XkGGARvYEhF5jM9yI",
        "address" : "日本\n〒186-0003 東京都国立市富士見台１丁目１７−９",
        "name" : "7-Eleven",
        "sourceInfo" : {
          "deviceTag" : 157044958
        },
        "locationConfidence" : 50.696003
      },
      "duration" : {
        "startTimestampMs" : "1606990590729",
        "endTimestampMs" : "1606990868082"
      },
      "placeConfidence" : "MEDIUM_CONFIDENCE",
      "centerLatE7" : 356814000,
      "centerLngE7" : 1394469975,
      "visitConfidence" : 92,
      "otherCandidateLocations" : [ {
        "latitudeE7" : 356804047,
        "longitudeE7" : 1394478760,
        "placeId" : "ChIJfcuHB4rjGGARoo94CZCLSaU",
        "semanticType" : "TYPE_HOME",
        "locationConfidence" : 38.941364
      }, {
        "latitudeE7" : 356813700,
        "longitudeE7" : 1394467380,
        "placeId" : "ChIJbyzc-HXkGGAR_XvpOJontRo",
        "locationConfidence" : 5.112647
      }, {
        "latitudeE7" : 356816020,
        "longitudeE7" : 1394469990,
        "placeId" : "ChIJ6ZhH-nXkGGARXS3xs8vpVqM",
        "locationConfidence" : 1.823725
      }, {
        "latitudeE7" : 356824482,
        "longitudeE7" : 1394462909,
        "placeId" : "ChIJI9aeC4rjGGARaW9zOXGZ2SY",
        "locationConfidence" : 1.2804115
      }, {
        "latitudeE7" : 356818440,
        "longitudeE7" : 1394464518,
        "placeId" : "ChIJn9FvCYrjGGARORoIQbt8Zxw",
        "locationConfidence" : 1.197498
      } ],
      "editConfirmationStatus" : "NOT_CONFIRMED"
    }
  }, {
    "activitySegment" : {
      "startLocation" : {
        "latitudeE7" : 356813721,
        "longitudeE7" : 1394472683,
        "sourceInfo" : {
          "deviceTag" : 157044958
        }
      },
      "endLocation" : {
        "latitudeE7" : 356802510,
        "longitudeE7" : 1394477579,
        "sourceInfo" : {
          "deviceTag" : 157044958
        }
      },
      "duration" : {
        "startTimestampMs" : "1606990868082",
        "endTimestampMs" : "1606991002708"
      },
      "distance" : 132,
      "activityType" : "WALKING",
      "confidence" : "HIGH",
      "activities" : [ {
        "activityType" : "WALKING",
        "probability" : 81.25874996185303
      }, {
        "activityType" : "CYCLING",
        "probability" : 5.766525492072105
      }, {
        "activityType" : "IN_PASSENGER_VEHICLE",
        "probability" : 4.737206920981407
      }, {
        "activityType" : "IN_TRAIN",
        "probability" : 3.051493316888809
      }, {
        "activityType" : "IN_BUS",
        "probability" : 1.8215849995613098
      }, {
        "activityType" : "STILL",
        "probability" : 1.253994181752205
      }, {
        "activityType" : "MOTORCYCLING",
        "probability" : 1.0063997469842434
      }, {
        "activityType" : "IN_SUBWAY",
        "probability" : 0.4536830820143223
      }, {
        "activityType" : "RUNNING",
        "probability" : 0.4502297844737768
      }, {
        "activityType" : "IN_TRAM",
        "probability" : 0.1590248546563089
      }, {
        "activityType" : "IN_FERRY",
        "probability" : 0.027658999897539616
      }, {
        "activityType" : "FLYING",
        "probability" : 0.008791789150564
      }, {
        "activityType" : "SAILING",
        "probability" : 0.0022064656150178052
      }, {
        "activityType" : "IN_VEHICLE",
        "probability" : 0.0012313432307564653
      }, {
        "activityType" : "SKIING",
        "probability" : 0.001219015393871814
      } ],
      "waypointPath" : {
        "waypoints" : [ {
          "latE7" : 356813583,
          "lngE7" : 1394472503
        }, {
          "latE7" : 356808815,
          "lngE7" : 1394481353
        }, {
          "latE7" : 356803703,
          "lngE7" : 1394478454
        } ]
      }
    }
  }, {
    "placeVisit" : {
      "location" : {
        "latitudeE7" : 356814731,
        "longitudeE7" : 1394465315,
        "placeId" : "ChIJfcuHB4rjGGARoo94CZCLSaU",
        "address" : "日本\n〒186-0003 東京都国立市富士見台１丁目",
        "name" : "Yaho Station",
        "semanticType" : "TYPE_HOME",
        "sourceInfo" : {
          "deviceTag" : 157044958
        },
        "locationConfidence" : 48.008434
      },
      "duration" : {
        "startTimestampMs" : "1606991002708",
        "endTimestampMs" : "1607039820276"
      },
      "placeConfidence" : "MEDIUM_CONFIDENCE",
      "centerLatE7" : 356802853,
      "centerLngE7" : 1394477784,
      "visitConfidence" : 93,
      "otherCandidateLocations" : [ {
        "latitudeE7" : 356802428,
        "longitudeE7" : 1394476701,
        "placeId" : "ChIJWX3fFXbkGGARaanwLjVZI0A",
        "semanticType" : "TYPE_SEARCHED_ADDRESS",
        "locationConfidence" : 18.478617
      }, {
        "latitudeE7" : 356804306,
        "longitudeE7" : 1394477223,
        "placeId" : "ChIJTY6AeTnlGGARyOo5URc3Cro",
        "locationConfidence" : 16.9498
      }, {
        "latitudeE7" : 356803474,
        "longitudeE7" : 1394477424,
        "placeId" : "ChIJmxZyFXbkGGAROBuKUZh-mxw",
        "semanticType" : "TYPE_SEARCHED_ADDRESS",
        "locationConfidence" : 10.381205
      }, {
        "latitudeE7" : 356804739,
        "longitudeE7" : 1394478119,
        "placeId" : "ChIJV8nZFHbkGGARplQN85fwPrU",
        "semanticType" : "TYPE_SEARCHED_ADDRESS",
        "locationConfidence" : 3.3569198
      }, {
        "latitudeE7" : 356813700,
        "longitudeE7" : 1394467380,
        "placeId" : "ChIJbyzc-HXkGGAR_XvpOJontRo",
        "locationConfidence" : 1.086481
      }, {
        "latitudeE7" : 356828944,
        "longitudeE7" : 1394478000,
        "placeId" : "ChIJswsmlHXkGGAR5YH9uJBxvLE",
        "locationConfidence" : 0.67387605
      }, {
        "latitudeE7" : 356814714,
        "longitudeE7" : 1394486718,
        "placeId" : "ChIJe8fsiXbkGGARLj53ZQc6tRI",
        "locationConfidence" : 0.53936106
      } ],
      "editConfirmationStatus" : "NOT_CONFIRMED"
    }
  }, {
    "activitySegment" : {
      "startLocation" : {
        "latitudeE7" : 356803250,
        "longitudeE7" : 1394477994,
        "sourceInfo" : {
          "deviceTag" : 157044958
        }
      },
      "endLocation" : {
        "latitudeE7" : 356813818,
        "longitudeE7" : 1394469746,
        "sourceInfo" : {
          "deviceTag" : 157044958
        }
      },
      "duration" : {
        "startTimestampMs" : "1607039820276",
        "endTimestampMs" : "1607040216625"
      },
      "distance" : 225,
      "activityType" : "WALKING",
      "confidence" : "LOW",
      "activities" : [ {
        "activityType" : "WALKING",
        "probability" : 47.66688942909241
      }, {
        "activityType" : "IN_TRAIN",
        "probability" : 32.05031752586365
      }, {
        "activityType" : "STILL",
        "probability" : 10.958638042211533
      }, {
        "activityType" : "CYCLING",
        "probability" : 2.7244968339800835
      }, {
        "activityType" : "IN_PASSENGER_VEHICLE",
        "probability" : 2.5869928300380707
      }, {
        "activityType" : "IN_BUS",
        "probability" : 1.5832945704460144
      }, {
        "activityType" : "IN_SUBWAY",
        "probability" : 1.2917226180434227
      }, {
        "activityType" : "IN_TRAM",
        "probability" : 0.4134472459554672
      }, {
        "activityType" : "RUNNING",
        "probability" : 0.29004737734794617
      }, {
        "activityType" : "IN_FERRY",
        "probability" : 0.21347571164369583
      }, {
        "activityType" : "MOTORCYCLING",
        "probability" : 0.17932024784386158
      }, {
        "activityType" : "FLYING",
        "probability" : 0.026413091109134257
      }, {
        "activityType" : "SAILING",
        "probability" : 0.009008541383082047
      }, {
        "activityType" : "SKIING",
        "probability" : 0.004420135883265175
      }, {
        "activityType" : "IN_VEHICLE",
        "probability" : 0.0015165251170401461
      } ]
    }
  }, {
    "activitySegment" : {
      "startLocation" : {
        "latitudeE7" : 356813818,
        "longitudeE7" : 1394469746,
        "sourceInfo" : {
          "deviceTag" : 157044958
        }
      },
      "endLocation" : {
        "latitudeE7" : 355307673,
        "longitudeE7" : 1396958942,
        "sourceInfo" : {
          "deviceTag" : 157044958
        }
      },
      "duration" : {
        "startTimestampMs" : "1607040216625",
        "endTimestampMs" : "1607044833090"
      },
      "distance" : 28426,
      "activityType" : "IN_TRAIN",
      "confidence" : "HIGH",
      "activities" : [ {
        "activityType" : "IN_TRAIN",
        "probability" : 87.7338707447052
      }, {
        "activityType" : "STILL",
        "probability" : 5.925743281841278
      }, {
        "activityType" : "WALKING",
        "probability" : 4.76338155567646
      }, {
        "activityType" : "IN_PASSENGER_VEHICLE",
        "probability" : 0.5186531227082014
      }, {
        "activityType" : "IN_SUBWAY",
        "probability" : 0.30962310265749693
      }, {
        "activityType" : "IN_BUS",
        "probability" : 0.3018616233021021
      }, {
        "activityType" : "CYCLING",
        "probability" : 0.1822877675294876
      }, {
        "activityType" : "IN_FERRY",
        "probability" : 0.0952025584410876
      }, {
        "activityType" : "FLYING",
        "probability" : 0.08448263397440314
      }, {
        "activityType" : "MOTORCYCLING",
        "probability" : 0.03985571092925966
      }, {
        "activityType" : "RUNNING",
        "probability" : 0.018460300634615123
      }, {
        "activityType" : "IN_TRAM",
        "probability" : 0.016000722825992852
      }, {
        "activityType" : "SAILING",
        "probability" : 0.009012294322019443
      }, {
        "activityType" : "SKIING",
        "probability" : 0.0013916177522332873
      }, {
        "activityType" : "IN_VEHICLE",
        "probability" : 1.7303498225373914E-4
      } ],
      "simplifiedRawPath" : {
        "points" : [ {
          "latE7" : 356378375,
          "lngE7" : 1395272647,
          "timestampMs" : "1607041234713",
          "accuracyMeters" : 82
        }, {
          "latE7" : 355653417,
          "lngE7" : 1396695796,
          "timestampMs" : "1607042791174",
          "accuracyMeters" : 98
        }, {
          "latE7" : 356274644,
          "lngE7" : 1397390657,
          "timestampMs" : "1607044709718",
          "accuracyMeters" : 110
        } ]
      }
    }
  } ]
}