{
  "timelineObjects" : [ {
    "placeVisit" : {
      "location" : {
        "latitudeE7" : 368039222,
        "longitudeE7" : 1390049540,
        "placeId" : "ChIJ97DBNLIVHmARy-PCSiK3GNY",
        "address" : "日本\n〒379-1725 群馬県利根郡みなかみ町綱子３５",
        "name" : "民宿つなご",
        "locationConfidence" : 60.653778
      },
      "duration" : {
        "startTimestampMs" : "1393728252701",
        "endTimestampMs" : "1393732831431"
      },
      "centerLatE7" : 368033400,
      "centerLngE7" : 1390038250,
      "visitConfidence" : 31,
      "otherCandidateLocations" : [ {
        "latitudeE7" : 367990410,
        "longitudeE7" : 1390092190,
        "placeId" : "ChIJl1c1zagVHmARefQw3QvfV0k",
        "name" : "Okutone Snow Park",
        "locationConfidence" : 24.21163
      }, {
        "latitudeE7" : 368035695,
        "longitudeE7" : 1390020348,
        "placeId" : "ChIJF3c1PLMVHmARynh-1KBsfRE",
        "name" : "別亭 やえ野",
        "locationConfidence" : 2.6017942
      }, {
        "latitudeE7" : 368041750,
        "longitudeE7" : 1390028403,
        "placeId" : "ChIJyaxhDbMVHmARI95U5RE5P9I",
        "name" : "民宿まにわ",
        "locationConfidence" : 2.2935197
      }, {
        "latitudeE7" : 368028760,
        "longitudeE7" : 1390016730,
        "placeId" : "ChIJCZZuJrMVHmARjqLGQ6PCrAs",
        "name" : "ジャグスポーツ! 水上ラフティング",
        "locationConfidence" : 2.1277385
      }, {
        "latitudeE7" : 368036139,
        "longitudeE7" : 1390043485,
        "placeId" : "ChIJwX5hTLIVHmARQM2IqWw9eC4",
        "name" : "冒険小屋 (ゲストハウス)",
        "locationConfidence" : 1.9333884
      }, {
        "latitudeE7" : 368034528,
        "longitudeE7" : 1390032959,
        "placeId" : "ChIJI_mqAbMVHmAROgSQdhfb5Lw",
        "name" : "綱子会館",
        "locationConfidence" : 1.7404789
      }, {
        "latitudeE7" : 368022420,
        "longitudeE7" : 1390017940,
        "placeId" : "ChIJFbwN27IVHmAR8Jlt0Wp2M0o",
        "name" : "ラフティングとアウトドアのTOP水上カンパニー",
        "locationConfidence" : 1.3510664
      }, {
        "latitudeE7" : 368023363,
        "longitudeE7" : 1390057096,
        "placeId" : "ChIJywpaAbIVHmARMbabrRT5vf4",
        "name" : "宮前山荘",
        "locationConfidence" : 0.76290214
      }, {
        "latitudeE7" : 368035056,
        "longitudeE7" : 1390025431,
        "placeId" : "ChIJheMYGrMVHmARRUYxaY13esw",
        "name" : "厚乃",
        "locationConfidence" : 0.5207183
      } ],
      "editConfirmationStatus" : "NOT_CONFIRMED"
    }
  }, {
    "activitySegment" : {
      "startLocation" : {
      },
      "endLocation" : {
      },
      "duration" : {
        "startTimestampMs" : "1393732831431",
        "endTimestampMs" : "1394521659749"
      },
      "confidence" : "LOW",
      "activities" : [ {
        "activityType" : "IN_VEHICLE",
        "probability" : 0.0
      }, {
        "activityType" : "CYCLING",
        "probability" : 0.0
      }, {
        "activityType" : "WALKING",
        "probability" : 0.0
      }, {
        "activityType" : "FLYING",
        "probability" : 0.0
      } ],
      "editConfirmationStatus" : "NOT_CONFIRMED"
    }
  }, {
    "activitySegment" : {
      "startLocation" : {
      },
      "endLocation" : {
      },
      "duration" : {
        "startTimestampMs" : "1394521659749",
        "endTimestampMs" : "1394521813780"
      },
      "distance" : 92,
      "confidence" : "HIGH",
      "activities" : [ {
        "activityType" : "WALKING",
        "probability" : 0.0
      }, {
        "activityType" : "CYCLING",
        "probability" : 0.0
      }, {
        "activityType" : "IN_VEHICLE",
        "probability" : 0.0
      }, {
        "activityType" : "FLYING",
        "probability" : 0.0
      } ],
      "waypointPath" : {
        "waypoints" : [ {
          "latE7" : 356799316,
          "lngE7" : 1397686004
        }, {
          "latE7" : 356799583,
          "lngE7" : 1397686157
        } ]
      },
      "editConfirmationStatus" : "NOT_CONFIRMED"
    }
  }, {
    "activitySegment" : {
      "startLocation" : {
      },
      "endLocation" : {
      },
      "duration" : {
        "startTimestampMs" : "1394521899090",
        "endTimestampMs" : "1394593286511"
      },
      "distance" : 20996,
      "confidence" : "UNKNOWN_CONFIDENCE",
      "activities" : [ {
        "activityType" : "UNKNOWN_ACTIVITY_TYPE",
        "probability" : 0.0
      } ],
      "editConfirmationStatus" : "NOT_CONFIRMED"
    }
  }, {
    "activitySegment" : {
      "startLocation" : {
      },
      "endLocation" : {
      },
      "duration" : {
        "startTimestampMs" : "1394593333845",
        "endTimestampMs" : "1394593587981"
      },
      "distance" : 167,
      "confidence" : "LOW",
      "activities" : [ {
        "activityType" : "WALKING",
        "probability" : 0.0
      }, {
        "activityType" : "CYCLING",
        "probability" : 0.0
      }, {
        "activityType" : "IN_VEHICLE",
        "probability" : 0.0
      }, {
        "activityType" : "FLYING",
        "probability" : 0.0
      } ],
      "editConfirmationStatus" : "NOT_CONFIRMED"
    }
  }, {
    "activitySegment" : {
      "startLocation" : {
      },
      "endLocation" : {
      },
      "duration" : {
        "startTimestampMs" : "1394593587981",
        "endTimestampMs" : "1394595507105"
      },
      "distance" : 1266,
      "confidence" : "UNKNOWN_CONFIDENCE",
      "activities" : [ {
        "activityType" : "UNKNOWN_ACTIVITY_TYPE",
        "probability" : 0.0
      } ],
      "editConfirmationStatus" : "NOT_CONFIRMED"
    }
  }, {
    "activitySegment" : {
      "startLocation" : {
      },
      "endLocation" : {
      },
      "duration" : {
        "startTimestampMs" : "1394595879155",
        "endTimestampMs" : "1394596511114"
      },
      "distance" : 728,
      "confidence" : "HIGH",
      "activities" : [ {
        "activityType" : "IN_VEHICLE",
        "probability" : 0.0
      }, {
        "activityType" : "FLYING",
        "probability" : 0.0
      }, {
        "activityType" : "WALKING",
        "probability" : 0.0
      }, {
        "activityType" : "CYCLING",
        "probability" : 0.0
      } ],
      "editConfirmationStatus" : "NOT_CONFIRMED"
    }
  }, {
    "activitySegment" : {
      "startLocation" : {
      },
      "endLocation" : {
      },
      "duration" : {
        "startTimestampMs" : "1394596511114",
        "endTimestampMs" : "1394600702803"
      },
      "distance" : 2104,
      "confidence" : "LOW",
      "activities" : [ {
        "activityType" : "WALKING",
        "probability" : 0.0
      }, {
        "activityType" : "CYCLING",
        "probability" : 0.0
      }, {
        "activityType" : "IN_VEHICLE",
        "probability" : 0.0
      }, {
        "activityType" : "FLYING",
        "probability" : 0.0
      } ],
      "editConfirmationStatus" : "NOT_CONFIRMED"
    }
  }, {
    "activitySegment" : {
      "startLocation" : {
      },
      "endLocation" : {
      },
      "duration" : {
        "startTimestampMs" : "1394600983821",
        "endTimestampMs" : "1394605218287"
      },
      "distance" : 1536,
      "confidence" : "UNKNOWN_CONFIDENCE",
      "activities" : [ {
        "activityType" : "UNKNOWN_ACTIVITY_TYPE",
        "probability" : 0.0
      } ],
      "editConfirmationStatus" : "NOT_CONFIRMED"
    }
  }, {
    "activitySegment" : {
      "startLocation" : {
      },
      "endLocation" : {
      },
      "duration" : {
        "startTimestampMs" : "1394605606908",
        "endTimestampMs" : "1394605967511"
      },
      "distance" : 146,
      "confidence" : "UNKNOWN_CONFIDENCE",
      "activities" : [ {
        "activityType" : "UNKNOWN_ACTIVITY_TYPE",
        "probability" : 0.0
      } ],
      "editConfirmationStatus" : "NOT_CONFIRMED"
    }
  }, {
    "activitySegment" : {
      "startLocation" : {
      },
      "endLocation" : {
      },
      "duration" : {
        "startTimestampMs" : "1394606065705",
        "endTimestampMs" : "1394606355368"
      },
      "distance" : 125,
      "confidence" : "LOW",
      "activities" : [ {
        "activityType" : "WALKING",
        "probability" : 0.0
      }, {
        "activityType" : "CYCLING",
        "probability" : 0.0
      }, {
        "activityType" : "IN_VEHICLE",
        "probability" : 0.0
      }, {
        "activityType" : "FLYING",
        "probability" : 0.0
      } ],
      "editConfirmationStatus" : "NOT_CONFIRMED"
    }
  }, {
    "activitySegment" : {
      "startLocation" : {
      },
      "endLocation" : {
      },
      "duration" : {
        "startTimestampMs" : "1394607170278",
        "endTimestampMs" : "1394609438638"
      },
      "distance" : 166,
      "confidence" : "UNKNOWN_CONFIDENCE",
      "activities" : [ {
        "activityType" : "UNKNOWN_ACTIVITY_TYPE",
        "probability" : 0.0
      } ],
      "editConfirmationStatus" : "NOT_CONFIRMED"
    }
  }, {
    "activitySegment" : {
      "startLocation" : {
      },
      "endLocation" : {
      },
      "duration" : {
        "startTimestampMs" : "1394609828947",
        "endTimestampMs" : "1394626050183"
      },
      "distance" : 1189,
      "confidence" : "UNKNOWN_CONFIDENCE",
      "activities" : [ {
        "activityType" : "UNKNOWN_ACTIVITY_TYPE",
        "probability" : 0.0
      } ],
      "editConfirmationStatus" : "NOT_CONFIRMED"
    }
  }, {
    "placeVisit" : {
      "location" : {
        "latitudeE7" : 356795615,
        "longitudeE7" : 1394509400,
        "placeId" : "ChIJfcuHB4rjGGARoo94CZCLSaU",
        "address" : "日本\n〒186-0003 東京都国立市富士見台１丁目",
        "name" : "Yaho Station",
        "semanticType" : "TYPE_HOME",
        "locationConfidence" : 99.9587
      },
      "duration" : {
        "startTimestampMs" : "1394626050183",
        "endTimestampMs" : "1394631790927"
      },
      "centerLatE7" : 356795948,
      "centerLngE7" : 1394510126,
      "visitConfidence" : 80,
      "otherCandidateLocations" : [ {
        "latitudeE7" : 356810490,
        "longitudeE7" : 1394506203,
        "placeId" : "ChIJk4N9w3bkGGARAQ6YxDAgw4k",
        "name" : "Kunitachidainana Elementary School",
        "locationConfidence" : 0.031385534
      }, {
        "latitudeE7" : 356783634,
        "longitudeE7" : 1394529420,
        "placeId" : "ChIJ8QmBDHrkGGAR5yAVZF7ipgs",
        "name" : "Fuchūdaijū Junior High School",
        "locationConfidence" : 0.001896303
      }, {
        "latitudeE7" : 356765380,
        "longitudeE7" : 1394515010,
        "placeId" : "ChIJB2B-iHnkGGARaKNPzhl28mE",
        "name" : "カーコンビニ倶楽部 国立府中インターR20号店",
        "locationConfidence" : 0.0012458211
      }, {
        "latitudeE7" : 356796810,
        "longitudeE7" : 1394512059,
        "placeId" : "ChIJ33bVMHfkGGARJnCHrzS5z6E",
        "name" : "（株）座間タイル工芸",
        "locationConfidence" : 0.0010456006
      }, {
        "latitudeE7" : 356810010,
        "longitudeE7" : 1394508503,
        "placeId" : "ChIJ0dfPxHbkGGARugiiVr3grTA",
        "name" : "国立市立第七小学校 ことばの教室",
        "locationConfidence" : 7.5543515E-4
      }, {
        "latitudeE7" : 356773328,
        "longitudeE7" : 1394510494,
        "placeId" : "ChIJ7QAA8nnkGGARMXAf-JXfYyc",
        "name" : "アリさんマークの引越社",
        "locationConfidence" : 6.8941055E-4
      }, {
        "latitudeE7" : 356801491,
        "longitudeE7" : 1394519269,
        "placeId" : "ChIJy7K3zXDkGGARv0JLPYRglqc",
        "name" : "Beauty Salon NARA (ナラ 美容室)",
        "locationConfidence" : 5.36968E-4
      }, {
        "latitudeE7" : 356797505,
        "longitudeE7" : 1394489130,
        "placeId" : "ChIJJ_70VHbkGGARdtAW2ZrnH9k",
        "name" : "Kunitachichūō Library Branch",
        "locationConfidence" : 4.671212E-4
      }, {
        "latitudeE7" : 356810710,
        "longitudeE7" : 1394485810,
        "placeId" : "ChIJF590ZXbkGGARSWzH4VbJ75k",
        "name" : "タイムズ谷保第２",
        "locationConfidence" : 3.5839222E-4
      } ],
      "editConfirmationStatus" : "NOT_CONFIRMED"
    }
  }, {
    "activitySegment" : {
      "startLocation" : {
      },
      "endLocation" : {
      },
      "duration" : {
        "startTimestampMs" : "1394631790927",
        "endTimestampMs" : "1394666093067"
      },
      "distance" : 857,
      "confidence" : "UNKNOWN_CONFIDENCE",
      "activities" : [ {
        "activityType" : "UNKNOWN_ACTIVITY_TYPE",
        "probability" : 0.0
      } ],
      "editConfirmationStatus" : "NOT_CONFIRMED"
    }
  }, {
    "activitySegment" : {
      "startLocation" : {
      },
      "endLocation" : {
      },
      "duration" : {
        "startTimestampMs" : "1394666093067",
        "endTimestampMs" : "1394669547776"
      },
      "distance" : 33313,
      "confidence" : "LOW",
      "activities" : [ {
        "activityType" : "IN_VEHICLE",
        "probability" : 0.0
      }, {
        "activityType" : "CYCLING",
        "probability" : 0.0
      }, {
        "activityType" : "WALKING",
        "probability" : 0.0
      }, {
        "activityType" : "FLYING",
        "probability" : 0.0
      } ],
      "waypointPath" : {
        "waypoints" : [ {
          "latE7" : 356829414,
          "lngE7" : 1394423217
        }, {
          "latE7" : 357021942,
          "lngE7" : 1395256958
        }, {
          "latE7" : 357062683,
          "lngE7" : 1396749420
        }, {
          "latE7" : 357017440,
          "lngE7" : 1397550201
        }, {
          "latE7" : 356838150,
          "lngE7" : 1397673187
        } ]
      },
      "simplifiedRawPath" : {
        "points" : [ {
          "latE7" : 357020531,
          "lngE7" : 1395256653,
          "timestampMs" : "1394667270851",
          "accuracyMeters" : 80
        }, {
          "latE7" : 357061615,
          "lngE7" : 1396749420,
          "timestampMs" : "1394668535942",
          "accuracyMeters" : 82
        }, {
          "latE7" : 357019501,
          "lngE7" : 1397545929,
          "timestampMs" : "1394669216258",
          "accuracyMeters" : 65
        } ]
      },
      "editConfirmationStatus" : "NOT_CONFIRMED"
    }
  }, {
    "placeVisit" : {
      "location" : {
        "latitudeE7" : 356783048,
        "longitudeE7" : 1397684028,
        "placeId" : "ChIJmQtu8fyLGGARfj17QKxY7_c",
        "address" : "日本\n東京都中央区八重洲",
        "name" : "八重洲",
        "semanticType" : "TYPE_WORK",
        "locationConfidence" : 71.20094
      },
      "duration" : {
        "startTimestampMs" : "1394669547776",
        "endTimestampMs" : "1394677081690"
      },
      "centerLatE7" : 356840550,
      "centerLngE7" : 1397675600,
      "visitConfidence" : 72,
      "otherCandidateLocations" : [ {
        "latitudeE7" : 356840720,
        "longitudeE7" : 1397677660,
        "placeId" : "ChIJR7Wq1P6LGGARPCX1caz8N8o",
        "name" : "ビアチムニー 丸の内店",
        "locationConfidence" : 2.0359974
      }, {
        "latitudeE7" : 356824786,
        "longitudeE7" : 1397680664,
        "placeId" : "ChIJGeYlX_mLGGARIICYwD3-vM4",
        "name" : "難波千日前 釜たけうどん",
        "locationConfidence" : 1.7420961
      }, {
        "latitudeE7" : 356827647,
        "longitudeE7" : 1397682289,
        "placeId" : "ChIJtxODuv6LGGARk3Ubihcj8RU",
        "name" : "お茶漬けダイニング茶らく",
        "locationConfidence" : 1.652443
      }, {
        "latitudeE7" : 356842500,
        "longitudeE7" : 1397676000,
        "placeId" : "ChIJlWZiKvmLGGARUm1cYARn0X0",
        "name" : "Marunochi-1-Chome",
        "locationConfidence" : 1.3739524
      }, {
        "latitudeE7" : 356834691,
        "longitudeE7" : 1397627085,
        "placeId" : "ChIJnUcMGviLGGAROCgXeJNX4xg",
        "name" : "Otemachi Station",
        "locationConfidence" : 1.0645232
      }, {
        "latitudeE7" : 356835479,
        "longitudeE7" : 1397698220,
        "placeId" : "ChIJgQyZhP6LGGARu1X_s4nmp4Q",
        "name" : "KAMONKA",
        "locationConfidence" : 0.9600907
      }, {
        "latitudeE7" : 356826680,
        "longitudeE7" : 1397694710,
        "placeId" : "ChIJL6nVJvyLGGAR8jHaHUYIL48",
        "name" : "Shangri-La Hotel, Tokyo",
        "locationConfidence" : 0.94782716
      }, {
        "latitudeE7" : 356838380,
        "longitudeE7" : 1397684720,
        "placeId" : "ChIJkwDaxf6LGGARl7WXPY_ic9A",
        "name" : "Hotel Metropolitan Marunouchi",
        "locationConfidence" : 0.90034455
      }, {
        "latitudeE7" : 356830585,
        "longitudeE7" : 1397695845,
        "placeId" : "ChIJgQyZhP6LGGARkIRG88qZRDw",
        "name" : "ＢａｒＯｆＴｏｋｙｏ 丸の内トラストタワー店",
        "locationConfidence" : 0.890076
      } ],
      "editConfirmationStatus" : "NOT_CONFIRMED"
    }
  }, {
    "activitySegment" : {
      "startLocation" : {
      },
      "endLocation" : {
      },
      "duration" : {
        "startTimestampMs" : "1394677081690",
        "endTimestampMs" : "1395027258580"
      },
      "distance" : 152828,
      "confidence" : "LOW",
      "activities" : [ {
        "activityType" : "IN_VEHICLE",
        "probability" : 0.0
      }, {
        "activityType" : "CYCLING",
        "probability" : 0.0
      }, {
        "activityType" : "WALKING",
        "probability" : 0.0
      }, {
        "activityType" : "FLYING",
        "probability" : 0.0
      } ],
      "editConfirmationStatus" : "NOT_CONFIRMED"
    }
  }, {
    "activitySegment" : {
      "startLocation" : {
      },
      "endLocation" : {
      },
      "duration" : {
        "startTimestampMs" : "1395027258580",
        "endTimestampMs" : "1395032095582"
      },
      "distance" : 1119,
      "confidence" : "UNKNOWN_CONFIDENCE",
      "activities" : [ {
        "activityType" : "UNKNOWN_ACTIVITY_TYPE",
        "probability" : 0.0
      } ],
      "editConfirmationStatus" : "NOT_CONFIRMED"
    }
  } ]
}