{
  "timelineObjects" : [ {
    "activitySegment" : {
      "startLocation" : {
      },
      "endLocation" : {
      },
      "duration" : {
        "startTimestampMs" : "1391234589388",
        "endTimestampMs" : "1391317950227"
      },
      "distance" : 14842,
      "confidence" : "LOW",
      "activities" : [ {
        "activityType" : "IN_VEHICLE",
        "probability" : 0.0
      }, {
        "activityType" : "WALKING",
        "probability" : 0.0
      }, {
        "activityType" : "CYCLING",
        "probability" : 0.0
      }, {
        "activityType" : "FLYING",
        "probability" : 0.0
      } ],
      "waypointPath" : {
        "waypoints" : [ {
          "latE7" : 356798744,
          "lngE7" : 1394509887
        }, {
          "latE7" : 356870498,
          "lngE7" : 1394471588
        } ]
      },
      "editConfirmationStatus" : "NOT_CONFIRMED"
    }
  }, {
    "activitySegment" : {
      "startLocation" : {
      },
      "endLocation" : {
      },
      "duration" : {
        "startTimestampMs" : "1391317979635",
        "endTimestampMs" : "1391322260793"
      },
      "distance" : 959,
      "confidence" : "LOW",
      "activities" : [ {
        "activityType" : "WALKING",
        "probability" : 0.0
      }, {
        "activityType" : "CYCLING",
        "probability" : 0.0
      }, {
        "activityType" : "IN_VEHICLE",
        "probability" : 0.0
      }, {
        "activityType" : "FLYING",
        "probability" : 0.0
      } ],
      "waypointPath" : {
        "waypoints" : [ {
          "latE7" : 356875495,
          "lngE7" : 1394469451
        }, {
          "latE7" : 356799087,
          "lngE7" : 1394509582
        } ]
      },
      "editConfirmationStatus" : "NOT_CONFIRMED"
    }
  }, {
    "placeVisit" : {
      "location" : {
        "latitudeE7" : 356795615,
        "longitudeE7" : 1394509400,
        "placeId" : "ChIJfcuHB4rjGGARoo94CZCLSaU",
        "address" : "日本\n〒186-0003 東京都国立市富士見台１丁目",
        "name" : "Yaho Station",
        "semanticType" : "TYPE_HOME",
        "locationConfidence" : 99.5957
      },
      "duration" : {
        "startTimestampMs" : "1391328040410",
        "endTimestampMs" : "1391330913280"
      },
      "centerLatE7" : 356799467,
      "centerLngE7" : 1394508733,
      "visitConfidence" : 77,
      "otherCandidateLocations" : [ {
        "latitudeE7" : 356810490,
        "longitudeE7" : 1394506203,
        "placeId" : "ChIJk4N9w3bkGGARAQ6YxDAgw4k",
        "name" : "Kunitachidainana Elementary School",
        "locationConfidence" : 0.32833913
      }, {
        "latitudeE7" : 356801491,
        "longitudeE7" : 1394519269,
        "placeId" : "ChIJy7K3zXDkGGARv0JLPYRglqc",
        "name" : "Beauty Salon NARA (ナラ 美容室)",
        "locationConfidence" : 0.010339209
      }, {
        "latitudeE7" : 356783634,
        "longitudeE7" : 1394529420,
        "placeId" : "ChIJ8QmBDHrkGGAR5yAVZF7ipgs",
        "name" : "Fuchūdaijū Junior High School",
        "locationConfidence" : 0.009814984
      }, {
        "latitudeE7" : 356810010,
        "longitudeE7" : 1394508503,
        "placeId" : "ChIJ0dfPxHbkGGARugiiVr3grTA",
        "name" : "国立市立第七小学校 ことばの教室",
        "locationConfidence" : 0.008625098
      }, {
        "latitudeE7" : 356810710,
        "longitudeE7" : 1394485810,
        "placeId" : "ChIJF590ZXbkGGARSWzH4VbJ75k",
        "name" : "タイムズ谷保第２",
        "locationConfidence" : 0.0050712214
      }, {
        "latitudeE7" : 356797505,
        "longitudeE7" : 1394489130,
        "placeId" : "ChIJJ_70VHbkGGARdtAW2ZrnH9k",
        "name" : "Kunitachichūō Library Branch",
        "locationConfidence" : 0.0042674304
      }, {
        "latitudeE7" : 356817201,
        "longitudeE7" : 1394515121,
        "placeId" : "ChIJ28hpynbkGGAR2gky8vP7wvM",
        "name" : "Higashi Nursery",
        "locationConfidence" : 0.0041380976
      }, {
        "latitudeE7" : 356773328,
        "longitudeE7" : 1394510494,
        "placeId" : "ChIJ7QAA8nnkGGARMXAf-JXfYyc",
        "name" : "アリさんマークの引越社",
        "locationConfidence" : 0.0039407685
      }, {
        "latitudeE7" : 356801427,
        "longitudeE7" : 1394505578,
        "placeId" : "ChIJa8BUIHfkGGARkrOmMhsD9ZM",
        "name" : "遠藤税務会計事務所（税理士法人）",
        "locationConfidence" : 0.0028980013
      } ],
      "editConfirmationStatus" : "NOT_CONFIRMED"
    }
  }, {
    "activitySegment" : {
      "startLocation" : {
        "latitudeE7" : 356799467,
        "longitudeE7" : 1394508733
      },
      "endLocation" : {
        "latitudeE7" : 356978857,
        "longitudeE7" : 1394138438
      },
      "duration" : {
        "startTimestampMs" : "1391330913280",
        "endTimestampMs" : "1391384279458"
      },
      "distance" : 3893,
      "activityType" : "UNKNOWN_ACTIVITY_TYPE",
      "activities" : [ {
        "activityType" : "UNKNOWN_ACTIVITY_TYPE",
        "probability" : 0.0
      } ],
      "simplifiedRawPath" : {
        "points" : [ {
          "latE7" : 356795501,
          "lngE7" : 1394509643,
          "timestampMs" : "1391338242980",
          "accuracyMeters" : 30
        }, {
          "latE7" : 356800367,
          "lngE7" : 1394508681,
          "timestampMs" : "1391338991320",
          "accuracyMeters" : 65
        } ]
      }
    }
  }, {
    "activitySegment" : {
      "startLocation" : {
        "latitudeE7" : 356978857,
        "longitudeE7" : 1394138438
      },
      "endLocation" : {
        "latitudeE7" : 356783048,
        "longitudeE7" : 1397684028,
        "placeId" : "ChIJmQtu8fyLGGARfj17QKxY7_c",
        "address" : "日本\n東京都中央区八重洲",
        "name" : "八重洲",
        "semanticType" : "TYPE_WORK",
        "locationConfidence" : 98.04406
      },
      "duration" : {
        "startTimestampMs" : "1391384279458",
        "endTimestampMs" : "1391388109002"
      },
      "distance" : 34108,
      "confidence" : "LOW",
      "activities" : [ {
        "activityType" : "IN_VEHICLE",
        "probability" : 0.0
      }, {
        "activityType" : "CYCLING",
        "probability" : 0.0
      }, {
        "activityType" : "FLYING",
        "probability" : 0.0
      }, {
        "activityType" : "WALKING",
        "probability" : 0.0
      } ],
      "waypointPath" : {
        "waypoints" : [ {
          "latE7" : 356970100,
          "lngE7" : 1394139099
        }, {
          "latE7" : 357052078,
          "lngE7" : 1396354064
        }, {
          "latE7" : 357055206,
          "lngE7" : 1396496124
        }, {
          "latE7" : 356992073,
          "lngE7" : 1397656707
        }, {
          "latE7" : 356801567,
          "lngE7" : 1397683868
        } ]
      },
      "simplifiedRawPath" : {
        "points" : [ {
          "latE7" : 357049866,
          "lngE7" : 1396354828,
          "timestampMs" : "1391386237561",
          "accuracyMeters" : 65
        }, {
          "latE7" : 357053757,
          "lngE7" : 1396497955,
          "timestampMs" : "1391386417574",
          "accuracyMeters" : 65
        }, {
          "latE7" : 356994705,
          "lngE7" : 1397657166,
          "timestampMs" : "1391387599033",
          "accuracyMeters" : 65
        } ]
      },
      "editConfirmationStatus" : "NOT_CONFIRMED"
    }
  }, {
    "placeVisit" : {
      "location" : {
        "latitudeE7" : 356783048,
        "longitudeE7" : 1397684028,
        "placeId" : "ChIJmQtu8fyLGGARfj17QKxY7_c",
        "address" : "日本\n東京都中央区八重洲",
        "name" : "八重洲",
        "semanticType" : "TYPE_WORK",
        "locationConfidence" : 98.04406
      },
      "duration" : {
        "startTimestampMs" : "1391388109002",
        "endTimestampMs" : "1391394429777"
      },
      "centerLatE7" : 356790967,
      "centerLngE7" : 1397678133,
      "visitConfidence" : 54,
      "otherCandidateLocations" : [ {
        "latitudeE7" : 356788776,
        "longitudeE7" : 1397673199,
        "placeId" : "ChIJxe2InfyLGGARY7lD5QxJ2fg",
        "name" : "Gran Tokyo South Tower",
        "locationConfidence" : 1.3193927
      }, {
        "latitudeE7" : 356788101,
        "longitudeE7" : 1397673006,
        "placeId" : "ChIJe8vjZvuLGGARqbCG5TLK3iE",
        "name" : "株式会社リクルートホールディングス",
        "locationConfidence" : 0.07746576
      }, {
        "latitudeE7" : 356795400,
        "longitudeE7" : 1397678120,
        "placeId" : "ChIJGeYlX_mLGGAR0b18Rd_Wz1Q",
        "name" : "ウォルプタス 東京駅グランルーフ店",
        "locationConfidence" : 0.039483715
      }, {
        "latitudeE7" : 356801256,
        "longitudeE7" : 1397678379,
        "placeId" : "ChIJtxODuv6LGGARQUUYSn_05TI",
        "name" : "ひるがお 東京駅店",
        "locationConfidence" : 0.028694736
      }, {
        "latitudeE7" : 356786466,
        "longitudeE7" : 1397673837,
        "placeId" : "ChIJ56bcZvuLGGARUMiVvqUzaTQ",
        "name" : "株式会社ビズアイキュー",
        "locationConfidence" : 0.022137403
      }, {
        "latitudeE7" : 356786250,
        "longitudeE7" : 1397673896,
        "placeId" : "ChIJz7EwX-uLGGARhBrHvcWwsGA",
        "name" : "ここカラダ",
        "locationConfidence" : 0.020972472
      }, {
        "latitudeE7" : 356780522,
        "longitudeE7" : 1397668531,
        "placeId" : "ChIJY4NszuSLGGARndijEB5tJMg",
        "name" : "Pacific Century Place Marunouchi",
        "locationConfidence" : 0.019973833
      }, {
        "latitudeE7" : 356804489,
        "longitudeE7" : 1397679983,
        "placeId" : "ChIJtxODuv6LGGARj4Ir2L6k7V8",
        "name" : "Mendokoro Honda",
        "locationConfidence" : 0.01798694
      }, {
        "latitudeE7" : 356788230,
        "longitudeE7" : 1397673357,
        "placeId" : "ChIJgR4KYfuLGGARn6g8AYNg5ts",
        "name" : "Seven-Eleven Rikurutosausutawa",
        "locationConfidence" : 0.017853992
      } ],
      "editConfirmationStatus" : "NOT_CONFIRMED"
    }
  }, {
    "activitySegment" : {
      "startLocation" : {
      },
      "endLocation" : {
      },
      "duration" : {
        "startTimestampMs" : "1391394429777",
        "endTimestampMs" : "1391441167463"
      },
      "distance" : 2647,
      "confidence" : "UNKNOWN_CONFIDENCE",
      "activities" : [ {
        "activityType" : "UNKNOWN_ACTIVITY_TYPE",
        "probability" : 0.0
      } ],
      "editConfirmationStatus" : "NOT_CONFIRMED"
    }
  }, {
    "activitySegment" : {
      "startLocation" : {
      },
      "endLocation" : {
      },
      "duration" : {
        "startTimestampMs" : "1391441167463",
        "endTimestampMs" : "1391478309592"
      },
      "distance" : 78777,
      "confidence" : "LOW",
      "activities" : [ {
        "activityType" : "IN_VEHICLE",
        "probability" : 0.0
      }, {
        "activityType" : "CYCLING",
        "probability" : 0.0
      }, {
        "activityType" : "WALKING",
        "probability" : 0.0
      }, {
        "activityType" : "FLYING",
        "probability" : 0.0
      } ],
      "waypointPath" : {
        "waypoints" : [ {
          "latE7" : 357019805,
          "lngE7" : 1397592315
        }, {
          "latE7" : 356907272,
          "lngE7" : 1397014617
        }, {
          "latE7" : 357023391,
          "lngE7" : 1395433197
        }, {
          "latE7" : 357013931,
          "lngE7" : 1395250244
        }, {
          "latE7" : 356810417,
          "lngE7" : 1394482421
        }, {
          "latE7" : 356988601,
          "lngE7" : 1394449005
        }, {
          "latE7" : 356999435,
          "lngE7" : 1394665069
        }, {
          "latE7" : 356995162,
          "lngE7" : 1394809570
        }, {
          "latE7" : 357034034,
          "lngE7" : 1395787048
        }, {
          "latE7" : 357034416,
          "lngE7" : 1396004028
        }, {
          "latE7" : 356989555,
          "lngE7" : 1397667388
        }, {
          "latE7" : 356810035,
          "lngE7" : 1397655792
        } ]
      },
      "simplifiedRawPath" : {
        "points" : [ {
          "latE7" : 356903839,
          "lngE7" : 1397001801,
          "timestampMs" : "1391442041500",
          "accuracyMeters" : 65
        }, {
          "latE7" : 357022285,
          "lngE7" : 1395438843,
          "timestampMs" : "1391443565498",
          "accuracyMeters" : 65
        }, {
          "latE7" : 357015877,
          "lngE7" : 1395246429,
          "timestampMs" : "1391443745520",
          "accuracyMeters" : 65
        }, {
          "latE7" : 356811523,
          "lngE7" : 1394479218,
          "timestampMs" : "1391473658820",
          "accuracyMeters" : 65
        }, {
          "latE7" : 356992874,
          "lngE7" : 1394448700,
          "timestampMs" : "1391475080255",
          "accuracyMeters" : 65
        }, {
          "latE7" : 356999016,
          "lngE7" : 1394661560,
          "timestampMs" : "1391475260575",
          "accuracyMeters" : 65
        }, {
          "latE7" : 357001610,
          "lngE7" : 1394808197,
          "timestampMs" : "1391475441087",
          "accuracyMeters" : 65
        }, {
          "latE7" : 357032700,
          "lngE7" : 1395791321,
          "timestampMs" : "1391476368145",
          "accuracyMeters" : 65
        }, {
          "latE7" : 357038078,
          "lngE7" : 1396002808,
          "timestampMs" : "1391476548883",
          "accuracyMeters" : 65
        }, {
          "latE7" : 356992035,
          "lngE7" : 1397668457,
          "timestampMs" : "1391477980248",
          "accuracyMeters" : 65
        } ]
      },
      "editConfirmationStatus" : "NOT_CONFIRMED"
    }
  }, {
    "activitySegment" : {
      "startLocation" : {
      },
      "endLocation" : {
      },
      "duration" : {
        "startTimestampMs" : "1391478309592",
        "endTimestampMs" : "1391504828293"
      },
      "distance" : 180,
      "confidence" : "UNKNOWN_CONFIDENCE",
      "activities" : [ {
        "activityType" : "UNKNOWN_ACTIVITY_TYPE",
        "probability" : 0.0
      } ],
      "editConfirmationStatus" : "NOT_CONFIRMED"
    }
  }, {
    "activitySegment" : {
      "startLocation" : {
      },
      "endLocation" : {
      },
      "duration" : {
        "startTimestampMs" : "1391504916286",
        "endTimestampMs" : "1391505002012"
      },
      "distance" : 206,
      "confidence" : "LOW",
      "activities" : [ {
        "activityType" : "WALKING",
        "probability" : 0.0
      }, {
        "activityType" : "CYCLING",
        "probability" : 0.0
      }, {
        "activityType" : "IN_VEHICLE",
        "probability" : 0.0
      }, {
        "activityType" : "FLYING",
        "probability" : 0.0
      } ],
      "waypointPath" : {
        "waypoints" : [ {
          "latE7" : 356788787,
          "lngE7" : 1397675628
        }, {
          "latE7" : 356793441,
          "lngE7" : 1397648315
        } ]
      },
      "editConfirmationStatus" : "NOT_CONFIRMED"
    }
  }, {
    "activitySegment" : {
      "startLocation" : {
        "latitudeE7" : 356793456,
        "longitudeE7" : 1397648265
      },
      "endLocation" : {
        "latitudeE7" : 357024191,
        "longitudeE7" : 1397487277
      },
      "duration" : {
        "startTimestampMs" : "1391505002012",
        "endTimestampMs" : "1391510859438"
      },
      "distance" : 2948,
      "confidence" : "UNKNOWN_CONFIDENCE",
      "activities" : [ {
        "activityType" : "UNKNOWN_ACTIVITY_TYPE",
        "probability" : 0.0
      } ],
      "simplifiedRawPath" : {
        "points" : [ {
          "latE7" : 356790173,
          "lngE7" : 1397659495,
          "timestampMs" : "1391509631438",
          "accuracyMeters" : 165
        } ]
      },
      "editConfirmationStatus" : "NOT_CONFIRMED"
    }
  }, {
    "activitySegment" : {
      "startLocation" : {
      },
      "endLocation" : {
      },
      "duration" : {
        "startTimestampMs" : "1391510859438",
        "endTimestampMs" : "1391514914498"
      },
      "distance" : 35796,
      "confidence" : "MEDIUM",
      "activities" : [ {
        "activityType" : "IN_VEHICLE",
        "probability" : 0.0
      }, {
        "activityType" : "CYCLING",
        "probability" : 0.0
      }, {
        "activityType" : "FLYING",
        "probability" : 0.0
      }, {
        "activityType" : "WALKING",
        "probability" : 0.0
      } ],
      "waypointPath" : {
        "waypoints" : [ {
          "latE7" : 357025070,
          "lngE7" : 1397487487
        }, {
          "latE7" : 357064247,
          "lngE7" : 1396847076
        }, {
          "latE7" : 357054557,
          "lngE7" : 1396642150
        }, {
          "latE7" : 357034187,
          "lngE7" : 1395803375
        }, {
          "latE7" : 356995086,
          "lngE7" : 1394626617
        }, {
          "latE7" : 356986618,
          "lngE7" : 1394192962
        }, {
          "latE7" : 356816291,
          "lngE7" : 1394467620
        } ]
      },
      "simplifiedRawPath" : {
        "points" : [ {
          "latE7" : 357063980,
          "lngE7" : 1396847992,
          "timestampMs" : "1391511507466",
          "accuracyMeters" : 65
        }, {
          "latE7" : 357060738,
          "lngE7" : 1396642761,
          "timestampMs" : "1391511687500",
          "accuracyMeters" : 10
        }, {
          "latE7" : 357033119,
          "lngE7" : 1395803375,
          "timestampMs" : "1391512129593",
          "accuracyMeters" : 65
        }, {
          "latE7" : 356996803,
          "lngE7" : 1394626312,
          "timestampMs" : "1391513105638",
          "accuracyMeters" : 10
        }, {
          "latE7" : 356983070,
          "lngE7" : 1394193573,
          "timestampMs" : "1391513586091",
          "accuracyMeters" : 100
        } ]
      },
      "editConfirmationStatus" : "NOT_CONFIRMED"
    }
  }, {
    "activitySegment" : {
      "startLocation" : {
      },
      "endLocation" : {
      },
      "duration" : {
        "startTimestampMs" : "1391646702650",
        "endTimestampMs" : "1391769950816"
      },
      "distance" : 133758,
      "confidence" : "LOW",
      "activities" : [ {
        "activityType" : "IN_VEHICLE",
        "probability" : 0.0
      }, {
        "activityType" : "CYCLING",
        "probability" : 0.0
      }, {
        "activityType" : "WALKING",
        "probability" : 0.0
      }, {
        "activityType" : "FLYING",
        "probability" : 0.0
      } ],
      "editConfirmationStatus" : "NOT_CONFIRMED"
    }
  }, {
    "activitySegment" : {
      "startLocation" : {
      },
      "endLocation" : {
      },
      "duration" : {
        "startTimestampMs" : "1391769950816",
        "endTimestampMs" : "1391780845714"
      },
      "distance" : 3131,
      "confidence" : "UNKNOWN_CONFIDENCE",
      "activities" : [ {
        "activityType" : "UNKNOWN_ACTIVITY_TYPE",
        "probability" : 0.0
      } ],
      "editConfirmationStatus" : "NOT_CONFIRMED"
    }
  }, {
    "activitySegment" : {
      "startLocation" : {
      },
      "endLocation" : {
      },
      "duration" : {
        "startTimestampMs" : "1391991025262",
        "endTimestampMs" : "1392371220038"
      },
      "distance" : 266854,
      "confidence" : "LOW",
      "activities" : [ {
        "activityType" : "IN_VEHICLE",
        "probability" : 0.0
      }, {
        "activityType" : "CYCLING",
        "probability" : 0.0
      }, {
        "activityType" : "WALKING",
        "probability" : 0.0
      }, {
        "activityType" : "FLYING",
        "probability" : 0.0
      } ],
      "editConfirmationStatus" : "NOT_CONFIRMED"
    }
  }, {
    "activitySegment" : {
      "startLocation" : {
      },
      "endLocation" : {
      },
      "duration" : {
        "startTimestampMs" : "1392524799451",
        "endTimestampMs" : "1392857114380"
      },
      "distance" : 291326,
      "confidence" : "LOW",
      "activities" : [ {
        "activityType" : "IN_VEHICLE",
        "probability" : 0.0
      }, {
        "activityType" : "CYCLING",
        "probability" : 0.0
      }, {
        "activityType" : "WALKING",
        "probability" : 0.0
      }, {
        "activityType" : "FLYING",
        "probability" : 0.0
      } ],
      "editConfirmationStatus" : "NOT_CONFIRMED"
    }
  }, {
    "activitySegment" : {
      "startLocation" : {
      },
      "endLocation" : {
      },
      "duration" : {
        "startTimestampMs" : "1392857114380",
        "endTimestampMs" : "1392864520536"
      },
      "distance" : 448,
      "confidence" : "UNKNOWN_CONFIDENCE",
      "activities" : [ {
        "activityType" : "UNKNOWN_ACTIVITY_TYPE",
        "probability" : 0.0
      } ],
      "editConfirmationStatus" : "NOT_CONFIRMED"
    }
  }, {
    "placeVisit" : {
      "location" : {
        "latitudeE7" : 356783048,
        "longitudeE7" : 1397684028,
        "placeId" : "ChIJmQtu8fyLGGARfj17QKxY7_c",
        "address" : "日本\n東京都中央区八重洲",
        "name" : "八重洲",
        "semanticType" : "TYPE_WORK",
        "locationConfidence" : 86.84971
      },
      "duration" : {
        "startTimestampMs" : "1392864520536",
        "endTimestampMs" : "1392868214432"
      },
      "centerLatE7" : 356766850,
      "centerLngE7" : 1397662750,
      "visitConfidence" : 77,
      "otherCandidateLocations" : [ {
        "latitudeE7" : 356766729,
        "longitudeE7" : 1397659528,
        "placeId" : "ChIJj9yB0uSLGGARNgTwIsbQXUA",
        "name" : "丸ノ内鍛冶橋駐車場 (東京都道路整備保全公社)",
        "locationConfidence" : 1.1228015
      }, {
        "latitudeE7" : 356755953,
        "longitudeE7" : 1397665330,
        "placeId" : "ChIJE8S0lOSLGGAR84AdzQ71F3I",
        "name" : "Sentoru The Bakery",
        "locationConfidence" : 0.74948114
      }, {
        "latitudeE7" : 356759802,
        "longitudeE7" : 1397644089,
        "placeId" : "ChIJG82qM-WLGGARg1dOfzQxLmY",
        "name" : "谷ラーメン",
        "locationConfidence" : 0.67540586
      }, {
        "latitudeE7" : 356754070,
        "longitudeE7" : 1397682287,
        "placeId" : "ChIJeVOReOOLGGARF9I5m4pUdF4",
        "name" : "東京スタイルみそらーめん ど・みそ 京橋本店",
        "locationConfidence" : 0.50641054
      }, {
        "latitudeE7" : 356766572,
        "longitudeE7" : 1397642996,
        "placeId" : "ChIJ4f1ovPqLGGARPSbtLQBqysQ",
        "name" : "Tokyo International Forum",
        "locationConfidence" : 0.46971253
      }, {
        "latitudeE7" : 356771162,
        "longitudeE7" : 1397686373,
        "placeId" : "ChIJf5NvReOLGGARJ0thZ09esD8",
        "name" : "Dhaba India",
        "locationConfidence" : 0.4614716
      }, {
        "latitudeE7" : 356780522,
        "longitudeE7" : 1397668531,
        "placeId" : "ChIJY4NszuSLGGARndijEB5tJMg",
        "name" : "Pacific Century Place Marunouchi",
        "locationConfidence" : 0.44132036
      }, {
        "latitudeE7" : 356745762,
        "longitudeE7" : 1397662324,
        "placeId" : "ChIJrTl7eeSLGGARtbXEeBJJ7ks",
        "name" : "三州屋銀座店",
        "locationConfidence" : 0.43535757
      }, {
        "latitudeE7" : 356784180,
        "longitudeE7" : 1397648980,
        "placeId" : "ChIJMTWC-PqLGGARjs72P6G3HcA",
        "name" : "Tonari",
        "locationConfidence" : 0.38075915
      } ],
      "editConfirmationStatus" : "NOT_CONFIRMED"
    }
  }, {
    "activitySegment" : {
      "startLocation" : {
      },
      "endLocation" : {
      },
      "duration" : {
        "startTimestampMs" : "1392868214432",
        "endTimestampMs" : "1394521659749"
      },
      "distance" : 1583883,
      "confidence" : "LOW",
      "activities" : [ {
        "activityType" : "IN_VEHICLE",
        "probability" : 0.0
      }, {
        "activityType" : "CYCLING",
        "probability" : 0.0
      }, {
        "activityType" : "WALKING",
        "probability" : 0.0
      }, {
        "activityType" : "FLYING",
        "probability" : 0.0
      } ],
      "editConfirmationStatus" : "NOT_CONFIRMED"
    }
  } ]
}