{
  "timelineObjects" : [ {
    "activitySegment" : {
      "startLocation" : {
      },
      "endLocation" : {
      },
      "duration" : {
        "startTimestampMs" : "1396740950943",
        "endTimestampMs" : "1396741502485"
      },
      "distance" : 287,
      "confidence" : "LOW",
      "activities" : [ {
        "activityType" : "WALKING",
        "probability" : 0.0
      }, {
        "activityType" : "CYCLING",
        "probability" : 0.0
      }, {
        "activityType" : "IN_VEHICLE",
        "probability" : 0.0
      }, {
        "activityType" : "FLYING",
        "probability" : 0.0
      } ],
      "waypointPath" : {
        "waypoints" : [ {
          "latE7" : 356803283,
          "lngE7" : 1394499053
        }, {
          "latE7" : 356814079,
          "lngE7" : 1394470367
        } ]
      },
      "editConfirmationStatus" : "NOT_CONFIRMED"
    }
  }, {
    "activitySegment" : {
      "startLocation" : {
      },
      "endLocation" : {
      },
      "duration" : {
        "startTimestampMs" : "1396741502485",
        "endTimestampMs" : "1397031904381"
      },
      "distance" : 143254,
      "confidence" : "LOW",
      "activities" : [ {
        "activityType" : "IN_VEHICLE",
        "probability" : 0.0
      }, {
        "activityType" : "CYCLING",
        "probability" : 0.0
      }, {
        "activityType" : "WALKING",
        "probability" : 0.0
      }, {
        "activityType" : "FLYING",
        "probability" : 0.0
      } ],
      "editConfirmationStatus" : "NOT_CONFIRMED"
    }
  } ]
}